"Site","DeepLearningSystem","Score","Sensitivity","Specificity","PPV","NPV","nnt","XpertSaved%"
"BGD","qXR",0,"100.0% (99.9-100.0%)","0.0% (0.0-0.0%)","15.5% (15.0-15.9%)","NaN% (0.0-100.0%)","6.5 (6.3-6.7)",0
"BGD","qXR",0.01,"100.0% (99.9-100.0%)","0.0% (0.0-0.0%)","15.5% (15.0-15.9%)","NaN% (0.0-100.0%)","6.5 (6.3-6.7)",0
"BGD","qXR",0.02,"99.9% (99.7-100.0%)","7.5% (7.1-7.9%)","16.5% (16.0-17.0%)","99.7% (99.2-99.9%)","6.1 (5.9-6.3)",0.06356865
"BGD","qXR",0.03,"99.4% (99.1-99.6%)","25.8% (25.2-26.5%)","19.7% (19.1-20.3%)","99.6% (99.3-99.7%)","5.1 (4.9-5.2)",0.21948536
"BGD","qXR",0.04,"99.1% (98.7-99.4%)","33.3% (32.6-34.0%)","21.4% (20.7-22.0%)","99.5% (99.3-99.7%)","4.7 (4.6-4.8)",0.28288471
"BGD","qXR",0.05,"98.9% (98.5-99.2%)","37.2% (36.5-37.9%)","22.4% (21.7-23.0%)","99.5% (99.3-99.6%)","4.5 (4.3-4.6)",0.31623498
"BGD","qXR",0.06,"98.7% (98.3-99.1%)","39.9% (39.3-40.6%)","23.1% (22.4-23.8%)","99.4% (99.2-99.6%)","4.3 (4.2-4.5)",0.33968173
"BGD","qXR",0.07,"98.6% (98.1-98.9%)","42.2% (41.5-42.8%)","23.7% (23.1-24.4%)","99.4% (99.2-99.5%)","4.2 (4.1-4.3)",0.35864229
"BGD","qXR",0.08,"98.4% (98.0-98.8%)","44.0% (43.3-44.7%)","24.3% (23.6-25.0%)","99.3% (99.2-99.5%)","4.1 (4-4.2)",0.37468258
"BGD","qXR",0.09,"98.2% (97.7-98.6%)","45.7% (45.0-46.4%)","24.8% (24.1-25.5%)","99.3% (99.1-99.4%)","4 (3.9-4.1)",0.38898764
"BGD","qXR",0.1,"98.2% (97.7-98.6%)","47.2% (46.5-47.8%)","25.3% (24.6-26.1%)","99.3% (99.1-99.5%)","3.9 (3.8-4.1)",0.40151515
"BGD","qXR",0.11,"98.0% (97.5-98.5%)","48.5% (47.8-49.2%)","25.8% (25.1-26.5%)","99.3% (99.1-99.4%)","3.9 (3.8-4)",0.41285763
"BGD","qXR",0.12,"97.9% (97.4-98.4%)","49.7% (49.1-50.4%)","26.3% (25.5-27.0%)","99.3% (99.1-99.4%)","3.8 (3.7-3.9)",0.42377687
"BGD","qXR",0.13,"97.8% (97.2-98.2%)","50.7% (50.0-51.4%)","26.6% (25.9-27.4%)","99.2% (99.0-99.4%)","3.8 (3.7-3.9)",0.43236838
"BGD","qXR",0.14,"97.6% (97.1-98.1%)","51.6% (50.9-52.3%)","26.9% (26.2-27.7%)","99.2% (99.0-99.3%)","3.7 (3.6-3.8)",0.43994413
"BGD","qXR",0.15,"97.5% (96.9-97.9%)","52.4% (51.7-53.1%)","27.2% (26.5-28.0%)","99.1% (98.9-99.3%)","3.7 (3.6-3.8)",0.44730828
"BGD","qXR",0.16,"97.3% (96.8-97.8%)","53.3% (52.6-54.0%)","27.6% (26.8-28.4%)","99.1% (98.9-99.3%)","3.6 (3.5-3.7)",0.45471475
"BGD","qXR",0.17,"97.3% (96.7-97.8%)","54.0% (53.3-54.7%)","27.9% (27.1-28.7%)","99.1% (98.9-99.3%)","3.6 (3.5-3.7)",0.46114779
"BGD","qXR",0.18,"97.1% (96.5-97.6%)","54.7% (54.0-55.4%)","28.1% (27.4-28.9%)","99.0% (98.8-99.2%)","3.6 (3.5-3.7)",0.46673438
"BGD","qXR",0.19,"97.0% (96.4-97.5%)","55.3% (54.6-56.0%)","28.4% (27.6-29.2%)","99.0% (98.8-99.2%)","3.5 (3.4-3.6)",0.47206704
"BGD","qXR",0.2,"96.9% (96.3-97.5%)","55.9% (55.2-56.6%)","28.7% (27.9-29.5%)","99.0% (98.8-99.2%)","3.5 (3.4-3.6)",0.4773997
"BGD","qXR",0.21,"96.8% (96.2-97.3%)","56.4% (55.7-57.1%)","28.9% (28.1-29.7%)","99.0% (98.8-99.1%)","3.5 (3.4-3.6)",0.48209751
"BGD","qXR",0.22,"96.8% (96.1-97.3%)","57.1% (56.4-57.8%)","29.2% (28.4-30.0%)","99.0% (98.8-99.2%)","3.4 (3.3-3.5)",0.48785339
"BGD","qXR",0.23,"96.7% (96.1-97.3%)","57.6% (56.9-58.3%)","29.4% (28.6-30.3%)","99.0% (98.8-99.1%)","3.4 (3.3-3.5)",0.49221263
"BGD","qXR",0.24,"96.7% (96.1-97.2%)","58.1% (57.4-58.8%)","29.7% (28.8-30.5%)","99.0% (98.8-99.1%)","3.4 (3.3-3.5)",0.49631793
"BGD","qXR",0.25,"96.4% (95.7-97.0%)","58.6% (57.9-59.3%)","29.8% (29.0-30.7%)","98.9% (98.7-99.1%)","3.4 (3.3-3.4)",0.50076181
"BGD","qXR",0.26,"96.3% (95.6-96.9%)","59.0% (58.3-59.7%)","30.0% (29.2-30.9%)","98.9% (98.7-99.0%)","3.3 (3.2-3.4)",0.50427459
"BGD","qXR",0.27,"96.2% (95.5-96.8%)","59.5% (58.8-60.2%)","30.2% (29.4-31.1%)","98.8% (98.6-99.0%)","3.3 (3.2-3.4)",0.50876079
"BGD","qXR",0.28,"96.1% (95.4-96.7%)","59.9% (59.2-60.6%)","30.5% (29.6-31.3%)","98.8% (98.6-99.0%)","3.3 (3.2-3.4)",0.51273912
"BGD","qXR",0.29,"95.9% (95.2-96.5%)","60.3% (59.7-61.0%)","30.6% (29.8-31.5%)","98.8% (98.6-99.0%)","3.3 (3.2-3.4)",0.51646352
"BGD","qXR",0.3,"95.8% (95.1-96.4%)","60.7% (60.1-61.4%)","30.8% (30.0-31.7%)","98.7% (98.5-98.9%)","3.2 (3.2-3.3)",0.52010327
"BGD","qXR",0.31,"95.7% (95.0-96.3%)","61.2% (60.5-61.9%)","31.1% (30.2-31.9%)","98.7% (98.5-98.9%)","3.2 (3.1-3.3)",0.5240816
"BGD","qXR",0.32,"95.5% (94.8-96.2%)","61.7% (61.0-62.4%)","31.3% (30.5-32.2%)","98.7% (98.5-98.9%)","3.2 (3.1-3.3)",0.52873709
"BGD","qXR",0.33,"95.5% (94.7-96.1%)","62.1% (61.4-62.8%)","31.5% (30.7-32.4%)","98.7% (98.5-98.9%)","3.2 (3.1-3.3)",0.5322922
"BGD","qXR",0.34,"95.4% (94.6-96.0%)","62.5% (61.9-63.2%)","31.8% (30.9-32.6%)","98.7% (98.5-98.9%)","3.1 (3.1-3.2)",0.53593195
"BGD","qXR",0.35,"95.0% (94.2-95.7%)","63.4% (62.8-64.1%)","32.2% (31.3-33.1%)","98.6% (98.4-98.8%)","3.1 (3-3.2)",0.54418487
"BGD","qXR",0.36,"95.0% (94.2-95.7%)","63.4% (62.8-64.1%)","32.2% (31.3-33.1%)","98.6% (98.4-98.8%)","3.1 (3-3.2)",0.54418487
"BGD","qXR",0.37,"94.9% (94.1-95.5%)","64.0% (63.4-64.7%)","32.5% (31.6-33.4%)","98.6% (98.3-98.7%)","3.1 (3-3.2)",0.54930591
"BGD","qXR",0.38,"94.6% (93.9-95.3%)","64.4% (63.7-65.1%)","32.7% (31.8-33.6%)","98.5% (98.3-98.7%)","3.1 (3-3.1)",0.55269172
"BGD","qXR",0.39,"94.4% (93.6-95.2%)","64.8% (64.1-65.5%)","32.9% (32.0-33.8%)","98.5% (98.2-98.7%)","3 (3-3.1)",0.55654308
"BGD","qXR",0.4,"94.2% (93.4-95.0%)","65.3% (64.6-66.0%)","33.2% (32.3-34.1%)","98.4% (98.2-98.6%)","3 (2.9-3.1)",0.56107161
"BGD","qXR",0.41,"93.9% (93.1-94.7%)","66.1% (65.4-66.7%)","33.6% (32.7-34.5%)","98.4% (98.1-98.6%)","3 (2.9-3.1)",0.56792788
"BGD","qXR",0.42,"93.9% (93.1-94.7%)","66.1% (65.4-66.7%)","33.6% (32.7-34.5%)","98.4% (98.1-98.6%)","3 (2.9-3.1)",0.56792788
"BGD","qXR",0.43,"93.9% (93.0-94.6%)","66.5% (65.8-67.2%)","33.9% (32.9-34.8%)","98.3% (98.1-98.6%)","3 (2.9-3)",0.57173692
"BGD","qXR",0.44,"93.8% (92.9-94.5%)","67.0% (66.3-67.7%)","34.2% (33.2-35.1%)","98.3% (98.1-98.5%)","2.9 (2.8-3)",0.57613848
"BGD","qXR",0.45,"93.6% (92.7-94.4%)","67.5% (66.9-68.2%)","34.5% (33.6-35.4%)","98.3% (98.1-98.5%)","2.9 (2.8-3)",0.58070933
"BGD","qXR",0.46,"93.4% (92.6-94.2%)","67.9% (67.2-68.5%)","34.7% (33.8-35.7%)","98.3% (98.0-98.5%)","2.9 (2.8-3)",0.58417979
"BGD","qXR",0.47,"93.2% (92.3-94.0%)","68.8% (68.1-69.4%)","35.3% (34.3-36.2%)","98.2% (98.0-98.4%)","2.8 (2.8-2.9)",0.59192483
"BGD","qXR",0.48,"93.2% (92.3-94.0%)","68.8% (68.1-69.4%)","35.3% (34.3-36.2%)","98.2% (98.0-98.4%)","2.8 (2.8-2.9)",0.59192483
"BGD","qXR",0.49,"92.9% (92.0-93.7%)","69.2% (68.6-69.9%)","35.6% (34.6-36.5%)","98.2% (97.9-98.4%)","2.8 (2.7-2.9)",0.59624175
"BGD","qXR",0.5,"92.8% (91.9-93.6%)","69.7% (69.1-70.3%)","35.9% (34.9-36.9%)","98.1% (97.9-98.4%)","2.8 (2.7-2.9)",0.60051634
"BGD","qXR",0.51,"92.6% (91.7-93.4%)","70.2% (69.5-70.8%)","36.2% (35.2-37.2%)","98.1% (97.9-98.3%)","2.8 (2.7-2.8)",0.60470628
"BGD","qXR",0.52,"92.4% (91.5-93.2%)","70.6% (70.0-71.2%)","36.5% (35.5-37.5%)","98.1% (97.8-98.3%)","2.7 (2.7-2.8)",0.60868461
"BGD","qXR",0.53,"92.3% (91.4-93.1%)","71.1% (70.4-71.7%)","36.8% (35.8-37.8%)","98.1% (97.8-98.3%)","2.7 (2.6-2.8)",0.61274759
"BGD","qXR",0.54,"92.0% (91.1-92.9%)","71.4% (70.8-72.1%)","37.1% (36.1-38.1%)","98.0% (97.8-98.2%)","2.7 (2.6-2.8)",0.61638734
"BGD","qXR",0.55,"91.9% (90.9-92.7%)","71.9% (71.3-72.5%)","37.4% (36.4-38.4%)","98.0% (97.7-98.2%)","2.7 (2.6-2.7)",0.62053496
"BGD","qXR",0.56,"91.7% (90.7-92.5%)","72.4% (71.8-73.0%)","37.8% (36.8-38.8%)","97.9% (97.7-98.2%)","2.6 (2.6-2.7)",0.62514813
"BGD","qXR",0.57,"91.0% (90.0-91.9%)","73.3% (72.7-73.9%)","38.4% (37.4-39.4%)","97.8% (97.6-98.0%)","2.6 (2.5-2.7)",0.6338666
"BGD","qXR",0.58,"91.0% (90.0-91.9%)","73.3% (72.7-73.9%)","38.4% (37.4-39.4%)","97.8% (97.6-98.0%)","2.6 (2.5-2.7)",0.6338666
"BGD","qXR",0.59,"90.7% (89.8-91.7%)","73.8% (73.1-74.4%)","38.7% (37.7-39.8%)","97.8% (97.5-98.0%)","2.6 (2.5-2.7)",0.6379719
"BGD","qXR",0.6,"90.2% (89.2-91.2%)","74.2% (73.6-74.8%)","39.0% (38.0-40.0%)","97.6% (97.4-97.9%)","2.6 (2.5-2.6)",0.64250042
"BGD","qXR",0.61,"89.9% (88.9-90.9%)","74.7% (74.1-75.3%)","39.3% (38.3-40.4%)","97.6% (97.3-97.8%)","2.5 (2.5-2.6)",0.6469443
"BGD","qXR",0.62,"89.6% (88.6-90.6%)","75.1% (74.5-75.7%)","39.7% (38.6-40.7%)","97.5% (97.3-97.8%)","2.5 (2.5-2.6)",0.65088031
"BGD","qXR",0.63,"89.4% (88.3-90.4%)","75.5% (74.9-76.1%)","40.0% (39.0-41.1%)","97.5% (97.2-97.7%)","2.5 (2.4-2.6)",0.6551549
"BGD","qXR",0.64,"89.0% (87.9-90.0%)","76.0% (75.4-76.6%)","40.4% (39.4-41.5%)","97.4% (97.2-97.7%)","2.5 (2.4-2.5)",0.65997969
"BGD","qXR",0.65,"88.6% (87.5-89.6%)","76.6% (76.0-77.1%)","40.9% (39.8-41.9%)","97.4% (97.1-97.6%)","2.4 (2.4-2.5)",0.66484679
"BGD","qXR",0.66,"88.2% (87.1-89.2%)","77.0% (76.4-77.6%)","41.2% (40.1-42.3%)","97.3% (97.0-97.5%)","2.4 (2.4-2.5)",0.66912138
"BGD","qXR",0.67,"87.7% (86.6-88.8%)","77.5% (76.9-78.1%)","41.6% (40.5-42.7%)","97.2% (96.9-97.4%)","2.4 (2.3-2.5)",0.67403081
"BGD","qXR",0.68,"87.3% (86.2-88.4%)","77.9% (77.3-78.5%)","42.0% (40.9-43.1%)","97.1% (96.8-97.4%)","2.4 (2.3-2.4)",0.67839005
"BGD","qXR",0.69,"86.5% (85.3-87.6%)","79.0% (78.4-79.6%)","42.9% (41.8-44.1%)","97.0% (96.7-97.2%)","2.3 (2.3-2.4)",0.68871678
"BGD","qXR",0.7,"86.1% (84.9-87.2%)","79.6% (79.0-80.1%)","43.5% (42.3-44.6%)","96.9% (96.6-97.2%)","2.3 (2.2-2.4)",0.69421872
"BGD","qXR",0.71,"86.1% (84.9-87.2%)","79.6% (79.0-80.1%)","43.5% (42.3-44.6%)","96.9% (96.6-97.2%)","2.3 (2.2-2.4)",0.69421872
"BGD","qXR",0.72,"85.5% (84.4-86.7%)","80.1% (79.6-80.7%)","44.0% (42.9-45.2%)","96.8% (96.5-97.1%)","2.3 (2.2-2.3)",0.69984764
"BGD","qXR",0.73,"85.2% (84.0-86.4%)","80.8% (80.2-81.3%)","44.8% (43.6-46.0%)","96.8% (96.5-97.0%)","2.2 (2.2-2.3)",0.70585746
"BGD","qXR",0.74,"84.8% (83.6-85.9%)","81.4% (80.9-81.9%)","45.4% (44.3-46.6%)","96.7% (96.4-97.0%)","2.2 (2.1-2.3)",0.71174031
"BGD","qXR",0.75,"84.1% (82.9-85.3%)","82.1% (81.6-82.7%)","46.3% (45.0-47.5%)","96.6% (96.3-96.9%)","2.2 (2.1-2.2)",0.71889284
"BGD","qXR",0.76,"83.3% (82.0-84.5%)","82.8% (82.3-83.3%)","46.9% (45.7-48.1%)","96.4% (96.1-96.7%)","2.1 (2.1-2.2)",0.72579143
"BGD","qXR",0.77,"82.4% (81.1-83.6%)","83.6% (83.0-84.1%)","47.8% (46.6-49.0%)","96.3% (96.0-96.6%)","2.1 (2-2.1)",0.73366345
"BGD","qXR",0.78,"81.7% (80.4-82.9%)","84.3% (83.7-84.8%)","48.7% (47.4-49.9%)","96.2% (95.9-96.5%)","2.1 (2-2.1)",0.74068901
"BGD","qXR",0.79,"80.7% (79.3-81.9%)","85.0% (84.5-85.5%)","49.6% (48.4-50.9%)","96.0% (95.7-96.3%)","2 (2-2.1)",0.74889961
"BGD","qXR",0.8,"79.0% (77.6-80.3%)","86.0% (85.5-86.4%)","50.7% (49.4-52.0%)","95.7% (95.4-96.0%)","2 (1.9-2)",0.75926866
"BGD","qXR",0.81,"77.5% (76.1-78.8%)","87.0% (86.5-87.5%)","52.1% (50.8-53.5%)","95.5% (95.2-95.8%)","1.9 (1.9-2)",0.77031488
"BGD","qXR",0.82,"73.9% (72.4-75.3%)","88.8% (88.4-89.3%)","54.8% (53.4-56.2%)","94.9% (94.6-95.2%)","1.8 (1.8-1.9)",0.79156086
"BGD","qXR",0.83,"71.7% (70.2-73.2%)","89.7% (89.3-90.1%)","56.0% (54.5-57.4%)","94.5% (94.2-94.9%)","1.8 (1.7-1.8)",0.80205688
"BGD","qXR",0.84,"71.7% (70.2-73.2%)","89.7% (89.3-90.1%)","56.0% (54.5-57.4%)","94.5% (94.2-94.9%)","1.8 (1.7-1.8)",0.80205688
"BGD","qXR",0.85,"69.5% (67.9-71.0%)","90.9% (90.5-91.3%)","58.2% (56.7-59.6%)","94.2% (93.9-94.5%)","1.7 (1.7-1.8)",0.81551549
"BGD","qXR",0.86,"66.5% (64.9-68.0%)","91.9% (91.5-92.3%)","60.0% (58.5-61.5%)","93.8% (93.4-94.1%)","1.7 (1.6-1.7)",0.82880481
"BGD","qXR",0.87,"63.0% (61.4-64.6%)","93.1% (92.7-93.4%)","62.4% (60.8-63.9%)","93.2% (92.9-93.6%)","1.6 (1.6-1.6)",0.843914
"BGD","qXR",0.88,"58.9% (57.2-60.5%)","94.2% (93.9-94.5%)","65.0% (63.3-66.6%)","92.6% (92.2-93.0%)","1.5 (1.5-1.6)",0.85999661
"BGD","qXR",0.89,"54.2% (52.5-55.8%)","95.2% (94.9-95.5%)","67.3% (65.6-69.0%)","91.9% (91.5-92.3%)","1.5 (1.4-1.5)",0.87569832
"BGD","qXR",0.9,"48.7% (47.0-50.3%)","96.2% (95.9-96.5%)","70.1% (68.2-71.8%)","91.1% (90.7-91.5%)","1.4 (1.4-1.5)",0.89266971
"BGD","qXR",0.91,"43.3% (41.7-45.0%)","97.0% (96.8-97.3%)","72.8% (70.9-74.7%)","90.4% (90.0-90.7%)","1.4 (1.3-1.4)",0.90803284
"BGD","qXR",0.92,"37.2% (35.7-38.8%)","97.8% (97.6-98.0%)","75.9% (73.8-77.8%)","89.5% (89.1-89.9%)","1.3 (1.3-1.4)",0.9242001
"BGD","qXR",0.93,"30.3% (28.9-31.9%)","98.6% (98.4-98.7%)","79.5% (77.3-81.6%)","88.6% (88.1-89.0%)","1.3 (1.2-1.3)",0.9410022
"BGD","qXR",0.94,"14.5% (13.3-15.6%)","99.6% (99.5-99.7%)","86.7% (83.7-89.3%)","86.4% (86.0-86.9%)","1.2 (1.1-1.2)",0.9742255
"BGD","qXR",0.95,"7.2% (6.4-8.1%)","99.8% (99.8-99.9%)","88.6% (84.4-91.9%)","85.5% (85.0-85.9%)","1.1 (1.1-1.2)",0.98743017
"BGD","qXR",0.96,"7.2% (6.4-8.1%)","99.8% (99.8-99.9%)","88.6% (84.4-91.9%)","85.5% (85.0-85.9%)","1.1 (1.1-1.2)",0.98743017
"BGD","qXR",0.97,"2.0% (1.6-2.5%)","100.0% (99.9-100.0%)","93.7% (85.8-97.9%)","84.8% (84.3-85.3%)","1.1 (1-1.2)",0.99665651
"BGD","qXR",0.98,"0.1% (0.0-0.2%)","100.0% (100.0-100.0%)","100.0% (15.8-100.0%)","84.6% (84.1-85.0%)","1 (1-6.3)",0.99991535
"BGD","qXR",0.99,"0.0% (0.0-0.1%)","100.0% (100.0-100.0%)","NaN% (0.0-100.0%)","84.5% (84.1-85.0%)","NaN (1-Inf)",1
"BGD","qXR",1,"0.0% (0.0-0.1%)","100.0% (100.0-100.0%)","NaN% (0.0-100.0%)","84.5% (84.1-85.0%)","NaN (1-Inf)",1
"BGD","Lunit INSIGHT CXR",0,"100.0% (99.9-100.0%)","0.0% (0.0-0.0%)","15.5% (15.0-15.9%)","NaN% (0.0-100.0%)","6.5 (6.3-6.7)",0
"BGD","Lunit INSIGHT CXR",0.01,"99.9% (99.8-100.0%)","2.3% (2.1-2.5%)","15.7% (15.3-16.2%)","99.6% (98.4-99.9%)","6.3 (6.2-6.5)",0.0194261
"BGD","Lunit INSIGHT CXR",0.02,"99.0% (98.7-99.3%)","22.0% (21.4-22.5%)","18.8% (18.3-19.4%)","99.2% (98.9-99.4%)","5.3 (5.2-5.5)",0.18719316
"BGD","Lunit INSIGHT CXR",0.03,"98.2% (97.8-98.6%)","31.8% (31.1-32.4%)","20.8% (20.2-21.5%)","99.0% (98.7-99.2%)","4.8 (4.7-4.9)",0.27141527
"BGD","Lunit INSIGHT CXR",0.04,"97.4% (96.8-97.9%)","37.6% (36.9-38.3%)","22.2% (21.6-22.9%)","98.8% (98.5-99.0%)","4.5 (4.4-4.6)",0.3220755
"BGD","Lunit INSIGHT CXR",0.05,"96.1% (95.4-96.7%)","41.9% (41.2-42.6%)","23.2% (22.5-23.9%)","98.3% (98.0-98.6%)","4.3 (4.2-4.4)",0.36046216
"BGD","Lunit INSIGHT CXR",0.06,"95.6% (94.9-96.3%)","44.4% (43.7-45.1%)","23.9% (23.2-24.6%)","98.2% (97.9-98.5%)","4.2 (4.1-4.3)",0.38230066
"BGD","Lunit INSIGHT CXR",0.07,"95.4% (94.7-96.1%)","46.0% (45.3-46.7%)","24.4% (23.7-25.1%)","98.2% (97.9-98.5%)","4.1 (4-4.2)",0.39614017
"BGD","Lunit INSIGHT CXR",0.08,"95.2% (94.4-95.9%)","47.4% (46.7-48.1%)","24.8% (24.1-25.6%)","98.2% (97.9-98.4%)","4 (3.9-4.1)",0.40799052
"BGD","Lunit INSIGHT CXR",0.09,"95.1% (94.3-95.8%)","48.4% (47.7-49.1%)","25.2% (24.5-25.9%)","98.2% (97.9-98.4%)","4 (3.9-4.1)",0.41675131
"BGD","Lunit INSIGHT CXR",0.1,"95.1% (94.3-95.7%)","49.4% (48.7-50.1%)","25.6% (24.8-26.3%)","98.2% (97.9-98.5%)","3.9 (3.8-4)",0.42508888
"BGD","Lunit INSIGHT CXR",0.11,"95.0% (94.3-95.7%)","50.2% (49.5-50.9%)","25.9% (25.1-26.6%)","98.2% (97.9-98.5%)","3.9 (3.8-4)",0.43219909
"BGD","Lunit INSIGHT CXR",0.12,"95.0% (94.2-95.7%)","50.9% (50.2-51.6%)","26.1% (25.4-26.9%)","98.2% (98.0-98.5%)","3.8 (3.7-3.9)",0.43799729
"BGD","Lunit INSIGHT CXR",0.13,"94.9% (94.1-95.6%)","51.4% (50.7-52.1%)","26.3% (25.6-27.1%)","98.2% (97.9-98.5%)","3.8 (3.7-3.9)",0.44269511
"BGD","Lunit INSIGHT CXR",0.14,"94.9% (94.1-95.5%)","52.0% (51.4-52.7%)","26.6% (25.8-27.3%)","98.2% (98.0-98.5%)","3.8 (3.7-3.9)",0.44802776
"BGD","Lunit INSIGHT CXR",0.15,"94.7% (93.9-95.4%)","52.6% (51.9-53.3%)","26.7% (26.0-27.5%)","98.2% (97.9-98.4%)","3.7 (3.6-3.8)",0.45302184
"BGD","Lunit INSIGHT CXR",0.16,"94.5% (93.7-95.2%)","53.1% (52.4-53.8%)","26.9% (26.1-27.7%)","98.1% (97.9-98.4%)","3.7 (3.6-3.8)",0.45721178
"BGD","Lunit INSIGHT CXR",0.17,"94.5% (93.7-95.2%)","53.5% (52.8-54.2%)","27.1% (26.3-27.8%)","98.2% (97.9-98.4%)","3.7 (3.6-3.8)",0.46047063
"BGD","Lunit INSIGHT CXR",0.18,"94.4% (93.6-95.2%)","53.8% (53.1-54.5%)","27.2% (26.4-28.0%)","98.1% (97.9-98.4%)","3.7 (3.6-3.8)",0.46330625
"BGD","Lunit INSIGHT CXR",0.19,"94.3% (93.5-95.1%)","54.1% (53.4-54.7%)","27.3% (26.5-28.1%)","98.1% (97.8-98.4%)","3.7 (3.6-3.8)",0.46576096
"BGD","Lunit INSIGHT CXR",0.2,"94.3% (93.5-95.0%)","54.4% (53.7-55.1%)","27.4% (26.7-28.2%)","98.1% (97.8-98.4%)","3.6 (3.5-3.8)",0.46893516
"BGD","Lunit INSIGHT CXR",0.21,"94.2% (93.4-94.9%)","54.7% (54.0-55.4%)","27.5% (26.8-28.3%)","98.1% (97.8-98.3%)","3.6 (3.5-3.7)",0.47147452
"BGD","Lunit INSIGHT CXR",0.22,"94.2% (93.4-94.9%)","55.0% (54.3-55.7%)","27.7% (26.9-28.5%)","98.1% (97.8-98.4%)","3.6 (3.5-3.7)",0.47397156
"BGD","Lunit INSIGHT CXR",0.23,"94.1% (93.3-94.9%)","55.4% (54.7-56.1%)","27.8% (27.0-28.6%)","98.1% (97.8-98.3%)","3.6 (3.5-3.7)",0.47756899
"BGD","Lunit INSIGHT CXR",0.24,"94.0% (93.2-94.8%)","55.8% (55.1-56.4%)","28.0% (27.2-28.8%)","98.1% (97.8-98.3%)","3.6 (3.5-3.7)",0.48061622
"BGD","Lunit INSIGHT CXR",0.25,"93.9% (93.1-94.7%)","56.0% (55.3-56.7%)","28.1% (27.3-28.9%)","98.1% (97.8-98.3%)","3.6 (3.5-3.7)",0.48264771
"BGD","Lunit INSIGHT CXR",0.26,"93.9% (93.0-94.6%)","56.3% (55.7-57.0%)","28.2% (27.4-29.0%)","98.0% (97.8-98.3%)","3.5 (3.4-3.6)",0.48590655
"BGD","Lunit INSIGHT CXR",0.27,"93.8% (93.0-94.6%)","56.7% (56.0-57.3%)","28.4% (27.5-29.2%)","98.1% (97.8-98.3%)","3.5 (3.4-3.6)",0.48857288
"BGD","Lunit INSIGHT CXR",0.28,"93.7% (92.9-94.5%)","57.0% (56.3-57.7%)","28.5% (27.7-29.3%)","98.0% (97.7-98.3%)","3.5 (3.4-3.6)",0.4914085
"BGD","Lunit INSIGHT CXR",0.29,"93.6% (92.8-94.4%)","57.3% (56.6-58.0%)","28.6% (27.8-29.4%)","98.0% (97.7-98.3%)","3.5 (3.4-3.6)",0.4945827
"BGD","Lunit INSIGHT CXR",0.3,"93.6% (92.7-94.3%)","57.6% (56.9-58.3%)","28.8% (27.9-29.6%)","98.0% (97.7-98.2%)","3.5 (3.4-3.6)",0.4972067
"BGD","Lunit INSIGHT CXR",0.31,"93.5% (92.7-94.3%)","57.9% (57.2-58.6%)","28.9% (28.1-29.7%)","98.0% (97.7-98.2%)","3.5 (3.4-3.6)",0.49953445
"BGD","Lunit INSIGHT CXR",0.32,"93.4% (92.6-94.2%)","58.2% (57.5-58.9%)","29.0% (28.2-29.8%)","98.0% (97.7-98.2%)","3.4 (3.4-3.5)",0.50228542
"BGD","Lunit INSIGHT CXR",0.33,"93.4% (92.5-94.2%)","58.5% (57.8-59.2%)","29.1% (28.3-30.0%)","98.0% (97.7-98.2%)","3.4 (3.3-3.5)",0.50482478
"BGD","Lunit INSIGHT CXR",0.34,"93.3% (92.4-94.1%)","58.8% (58.1-59.4%)","29.2% (28.4-30.1%)","98.0% (97.7-98.2%)","3.4 (3.3-3.5)",0.50715253
"BGD","Lunit INSIGHT CXR",0.35,"93.2% (92.3-94.0%)","59.4% (58.7-60.1%)","29.6% (28.7-30.4%)","98.0% (97.7-98.2%)","3.4 (3.3-3.5)",0.51299306
"BGD","Lunit INSIGHT CXR",0.36,"93.2% (92.3-94.0%)","59.4% (58.7-60.1%)","29.6% (28.7-30.4%)","98.0% (97.7-98.2%)","3.4 (3.3-3.5)",0.51299306
"BGD","Lunit INSIGHT CXR",0.37,"93.2% (92.3-94.0%)","59.8% (59.1-60.4%)","29.7% (28.9-30.6%)","97.9% (97.7-98.2%)","3.4 (3.3-3.5)",0.515871
"BGD","Lunit INSIGHT CXR",0.38,"93.1% (92.3-93.9%)","60.0% (59.3-60.7%)","29.9% (29.0-30.7%)","97.9% (97.7-98.2%)","3.3 (3.3-3.4)",0.51807178
"BGD","Lunit INSIGHT CXR",0.39,"93.0% (92.1-93.8%)","60.3% (59.6-60.9%)","30.0% (29.1-30.8%)","97.9% (97.7-98.2%)","3.3 (3.2-3.4)",0.52031488
"BGD","Lunit INSIGHT CXR",0.4,"92.9% (92.0-93.7%)","60.5% (59.8-61.2%)","30.1% (29.2-30.9%)","97.9% (97.6-98.1%)","3.3 (3.2-3.4)",0.52247334
"BGD","Lunit INSIGHT CXR",0.41,"92.7% (91.8-93.5%)","61.1% (60.4-61.8%)","30.3% (29.5-31.2%)","97.9% (97.6-98.1%)","3.3 (3.2-3.4)",0.52814457
"BGD","Lunit INSIGHT CXR",0.42,"92.7% (91.8-93.5%)","61.1% (60.4-61.8%)","30.3% (29.5-31.2%)","97.9% (97.6-98.1%)","3.3 (3.2-3.4)",0.52814457
"BGD","Lunit INSIGHT CXR",0.43,"92.5% (91.6-93.3%)","61.5% (60.8-62.1%)","30.5% (29.6-31.4%)","97.8% (97.5-98.1%)","3.3 (3.2-3.4)",0.5313611
"BGD","Lunit INSIGHT CXR",0.44,"92.3% (91.4-93.2%)","61.8% (61.1-62.5%)","30.6% (29.8-31.5%)","97.8% (97.5-98.0%)","3.3 (3.2-3.4)",0.53436601
"BGD","Lunit INSIGHT CXR",0.45,"92.1% (91.2-92.9%)","62.1% (61.4-62.8%)","30.7% (29.9-31.6%)","97.7% (97.4-98.0%)","3.3 (3.2-3.3)",0.5371593
"BGD","Lunit INSIGHT CXR",0.46,"92.1% (91.1-92.9%)","62.4% (61.7-63.1%)","30.9% (30.1-31.8%)","97.7% (97.5-98.0%)","3.2 (3.1-3.3)",0.5399526
"BGD","Lunit INSIGHT CXR",0.47,"91.8% (90.8-92.6%)","63.1% (62.4-63.8%)","31.2% (30.4-32.1%)","97.7% (97.4-97.9%)","3.2 (3.1-3.3)",0.54608939
"BGD","Lunit INSIGHT CXR",0.48,"91.8% (90.8-92.6%)","63.1% (62.4-63.8%)","31.2% (30.4-32.1%)","97.7% (97.4-97.9%)","3.2 (3.1-3.3)",0.54608939
"BGD","Lunit INSIGHT CXR",0.49,"91.6% (90.7-92.5%)","63.5% (62.8-64.1%)","31.4% (30.6-32.3%)","97.7% (97.4-97.9%)","3.2 (3.1-3.3)",0.5494752
"BGD","Lunit INSIGHT CXR",0.5,"91.6% (90.6-92.4%)","63.7% (63.1-64.4%)","31.6% (30.7-32.5%)","97.6% (97.4-97.9%)","3.2 (3.1-3.3)",0.55197224
"BGD","Lunit INSIGHT CXR",0.51,"91.5% (90.5-92.4%)","64.0% (63.4-64.7%)","31.7% (30.9-32.6%)","97.6% (97.4-97.9%)","3.2 (3.1-3.2)",0.55468089
"BGD","Lunit INSIGHT CXR",0.52,"91.4% (90.4-92.3%)","64.4% (63.7-65.0%)","31.9% (31.0-32.8%)","97.6% (97.3-97.9%)","3.1 (3-3.2)",0.55755883
"BGD","Lunit INSIGHT CXR",0.53,"91.2% (90.2-92.1%)","64.7% (64.0-65.4%)","32.1% (31.2-33.0%)","97.6% (97.3-97.8%)","3.1 (3-3.2)",0.56077535
"BGD","Lunit INSIGHT CXR",0.54,"91.0% (90.1-92.0%)","65.0% (64.4-65.7%)","32.2% (31.3-33.2%)","97.5% (97.3-97.8%)","3.1 (3-3.2)",0.56373794
"BGD","Lunit INSIGHT CXR",0.55,"91.0% (90.0-91.9%)","65.4% (64.7-66.0%)","32.4% (31.5-33.4%)","97.5% (97.3-97.8%)","3.1 (3-3.2)",0.56670052
"BGD","Lunit INSIGHT CXR",0.56,"90.8% (89.8-91.7%)","65.8% (65.1-66.5%)","32.7% (31.8-33.6%)","97.5% (97.2-97.8%)","3.1 (3-3.1)",0.57050956
"BGD","Lunit INSIGHT CXR",0.57,"90.5% (89.5-91.4%)","66.4% (65.8-67.1%)","33.0% (32.1-33.9%)","97.4% (97.2-97.7%)","3 (2.9-3.1)",0.57630777
"BGD","Lunit INSIGHT CXR",0.58,"90.5% (89.5-91.4%)","66.4% (65.8-67.1%)","33.0% (32.1-33.9%)","97.4% (97.2-97.7%)","3 (2.9-3.1)",0.57630777
"BGD","Lunit INSIGHT CXR",0.59,"90.2% (89.2-91.2%)","66.8% (66.1-67.4%)","33.2% (32.3-34.1%)","97.4% (97.1-97.7%)","3 (2.9-3.1)",0.57982055
"BGD","Lunit INSIGHT CXR",0.6,"90.1% (89.1-91.1%)","67.2% (66.5-67.8%)","33.4% (32.5-34.3%)","97.4% (97.1-97.6%)","3 (2.9-3.1)",0.58303707
"BGD","Lunit INSIGHT CXR",0.61,"90.0% (89.0-90.9%)","67.5% (66.9-68.2%)","33.6% (32.7-34.6%)","97.4% (97.1-97.6%)","3 (2.9-3.1)",0.58638057
"BGD","Lunit INSIGHT CXR",0.62,"89.8% (88.8-90.8%)","68.0% (67.3-68.6%)","33.9% (32.9-34.8%)","97.3% (97.1-97.6%)","3 (2.9-3)",0.59031657
"BGD","Lunit INSIGHT CXR",0.63,"89.6% (88.6-90.6%)","68.3% (67.7-69.0%)","34.1% (33.1-35.0%)","97.3% (97.0-97.6%)","2.9 (2.9-3)",0.59378703
"BGD","Lunit INSIGHT CXR",0.64,"89.3% (88.3-90.3%)","68.7% (68.1-69.4%)","34.3% (33.4-35.3%)","97.2% (97.0-97.5%)","2.9 (2.8-3)",0.59772304
"BGD","Lunit INSIGHT CXR",0.65,"89.1% (88.1-90.1%)","69.2% (68.6-69.8%)","34.6% (33.6-35.6%)","97.2% (96.9-97.5%)","2.9 (2.8-3)",0.60191298
"BGD","Lunit INSIGHT CXR",0.66,"89.0% (88.0-90.0%)","69.6% (68.9-70.2%)","34.8% (33.9-35.8%)","97.2% (96.9-97.5%)","2.9 (2.8-3)",0.60512951
"BGD","Lunit INSIGHT CXR",0.67,"88.8% (87.8-89.8%)","70.0% (69.3-70.6%)","35.1% (34.1-36.1%)","97.2% (96.9-97.4%)","2.9 (2.8-2.9)",0.60876926
"BGD","Lunit INSIGHT CXR",0.68,"88.5% (87.4-89.5%)","70.4% (69.7-71.0%)","35.3% (34.3-36.3%)","97.1% (96.8-97.4%)","2.8 (2.8-2.9)",0.61262062
"BGD","Lunit INSIGHT CXR",0.69,"88.0% (86.9-89.0%)","71.2% (70.6-71.8%)","35.8% (34.8-36.8%)","97.0% (96.7-97.3%)","2.8 (2.7-2.9)",0.62045031
"BGD","Lunit INSIGHT CXR",0.7,"87.6% (86.5-88.7%)","71.7% (71.1-72.3%)","36.1% (35.1-37.2%)","96.9% (96.7-97.2%)","2.8 (2.7-2.8)",0.6252751
"BGD","Lunit INSIGHT CXR",0.71,"87.6% (86.5-88.7%)","71.7% (71.1-72.3%)","36.1% (35.1-37.2%)","96.9% (96.7-97.2%)","2.8 (2.7-2.8)",0.6252751
"BGD","Lunit INSIGHT CXR",0.72,"87.2% (86.1-88.2%)","72.2% (71.6-72.8%)","36.5% (35.4-37.5%)","96.9% (96.6-97.1%)","2.7 (2.7-2.8)",0.63048079
"BGD","Lunit INSIGHT CXR",0.73,"86.8% (85.6-87.9%)","72.7% (72.1-73.4%)","36.8% (35.8-37.8%)","96.8% (96.5-97.1%)","2.7 (2.6-2.8)",0.63547486
"BGD","Lunit INSIGHT CXR",0.74,"86.6% (85.4-87.7%)","73.2% (72.6-73.8%)","37.1% (36.1-38.2%)","96.8% (96.5-97.0%)","2.7 (2.6-2.8)",0.63958016
"BGD","Lunit INSIGHT CXR",0.75,"86.2% (85.0-87.3%)","73.8% (73.2-74.4%)","37.5% (36.5-38.6%)","96.7% (96.4-97.0%)","2.7 (2.6-2.7)",0.64512443
"BGD","Lunit INSIGHT CXR",0.76,"85.8% (84.6-86.9%)","74.4% (73.7-75.0%)","37.9% (36.9-39.0%)","96.6% (96.3-96.9%)","2.6 (2.6-2.7)",0.65062638
"BGD","Lunit INSIGHT CXR",0.77,"85.3% (84.1-86.5%)","75.0% (74.4-75.6%)","38.4% (37.3-39.5%)","96.5% (96.2-96.8%)","2.6 (2.5-2.7)",0.65667852
"BGD","Lunit INSIGHT CXR",0.78,"84.7% (83.5-85.9%)","75.6% (75.0-76.2%)","38.9% (37.8-40.0%)","96.4% (96.1-96.7%)","2.6 (2.5-2.6)",0.66311156
"BGD","Lunit INSIGHT CXR",0.79,"84.4% (83.1-85.5%)","76.3% (75.7-76.9%)","39.4% (38.3-40.5%)","96.4% (96.1-96.7%)","2.5 (2.5-2.6)",0.66933299
"BGD","Lunit INSIGHT CXR",0.8,"83.6% (82.4-84.8%)","77.0% (76.4-77.6%)","40.0% (38.9-41.1%)","96.3% (96.0-96.5%)","2.5 (2.4-2.6)",0.67661249
"BGD","Lunit INSIGHT CXR",0.81,"83.0% (81.8-84.2%)","77.9% (77.3-78.5%)","40.7% (39.6-41.8%)","96.2% (95.9-96.5%)","2.5 (2.4-2.5)",0.68473845
"BGD","Lunit INSIGHT CXR",0.82,"81.7% (80.4-82.9%)","79.9% (79.3-80.4%)","42.6% (41.4-43.8%)","96.0% (95.7-96.3%)","2.3 (2.3-2.4)",0.70374132
"BGD","Lunit INSIGHT CXR",0.83,"80.7% (79.3-81.9%)","80.8% (80.2-81.3%)","43.4% (42.2-44.6%)","95.8% (95.5-96.1%)","2.3 (2.2-2.4)",0.71292534
"BGD","Lunit INSIGHT CXR",0.84,"80.7% (79.3-81.9%)","80.8% (80.2-81.3%)","43.4% (42.2-44.6%)","95.8% (95.5-96.1%)","2.3 (2.2-2.4)",0.71292534
"BGD","Lunit INSIGHT CXR",0.85,"79.5% (78.1-80.8%)","81.9% (81.3-82.4%)","44.5% (43.3-45.7%)","95.6% (95.3-95.9%)","2.2 (2.2-2.3)",0.72409853
"BGD","Lunit INSIGHT CXR",0.86,"78.2% (76.8-79.5%)","83.0% (82.4-83.5%)","45.6% (44.4-46.9%)","95.4% (95.1-95.7%)","2.2 (2.1-2.3)",0.73518707
"BGD","Lunit INSIGHT CXR",0.87,"76.7% (75.3-78.0%)","84.3% (83.8-84.8%)","47.1% (45.8-48.4%)","95.2% (94.9-95.5%)","2.1 (2.1-2.2)",0.74860335
"BGD","Lunit INSIGHT CXR",0.88,"75.2% (73.8-76.6%)","85.6% (85.1-86.1%)","48.9% (47.6-50.2%)","95.0% (94.7-95.3%)","2 (2-2.1)",0.76223125
"BGD","Lunit INSIGHT CXR",0.89,"73.5% (72.1-74.9%)","87.1% (86.6-87.5%)","51.0% (49.6-52.3%)","94.7% (94.4-95.1%)","2 (1.9-2)",0.77712883
"BGD","Lunit INSIGHT CXR",0.9,"71.7% (70.2-73.2%)","88.6% (88.2-89.1%)","53.6% (52.2-55.0%)","94.5% (94.2-94.8%)","1.9 (1.8-1.9)",0.79316912
"BGD","Lunit INSIGHT CXR",0.91,"68.8% (67.3-70.3%)","90.0% (89.6-90.4%)","55.8% (54.3-57.2%)","94.0% (93.7-94.4%)","1.8 (1.7-1.8)",0.80925174
"BGD","Lunit INSIGHT CXR",0.92,"65.7% (64.1-67.2%)","91.4% (91.0-91.8%)","58.3% (56.8-59.9%)","93.6% (93.2-93.9%)","1.7 (1.7-1.8)",0.82613848
"BGD","Lunit INSIGHT CXR",0.93,"61.7% (60.1-63.2%)","92.9% (92.6-93.3%)","61.5% (59.9-63.0%)","93.0% (92.6-93.3%)","1.6 (1.6-1.7)",0.84497207
"BGD","Lunit INSIGHT CXR",0.94,"51.7% (50.1-53.3%)","95.6% (95.3-95.9%)","68.3% (66.5-70.0%)","91.6% (91.2-91.9%)","1.5 (1.4-1.5)",0.88302015
"BGD","Lunit INSIGHT CXR",0.95,"44.3% (42.7-45.9%)","96.9% (96.6-97.1%)","72.0% (70.1-73.9%)","90.5% (90.1-90.9%)","1.4 (1.4-1.4)",0.90494329
"BGD","Lunit INSIGHT CXR",0.96,"44.3% (42.7-45.9%)","96.9% (96.6-97.1%)","72.0% (70.1-73.9%)","90.5% (90.1-90.9%)","1.4 (1.4-1.4)",0.90494329
"BGD","Lunit INSIGHT CXR",0.97,"34.6% (33.1-36.2%)","97.9% (97.7-98.1%)","75.5% (73.3-77.5%)","89.1% (88.7-89.5%)","1.3 (1.3-1.4)",0.92910953
"BGD","Lunit INSIGHT CXR",0.98,"23.6% (22.3-25.0%)","98.9% (98.7-99.0%)","79.0% (76.5-81.4%)","87.6% (87.2-88.1%)","1.3 (1.2-1.3)",0.95378365
"BGD","Lunit INSIGHT CXR",0.99,"11.3% (10.3-12.4%)","99.5% (99.4-99.6%)","80.2% (76.5-83.6%)","86.0% (85.5-86.4%)","1.2 (1.2-1.3)",0.97820383
"BGD","Lunit INSIGHT CXR",1,"0.8% (0.6-1.2%)","100.0% (99.9-100.0%)","81.6% (65.7-92.3%)","84.7% (84.2-85.1%)","1.2 (1.1-1.5)",0.99839174
"BGD","InferReadDR",0,"100.0% (99.9-100.0%)","0.0% (0.0-0.0%)","15.5% (15.0-15.9%)","NaN% (0.0-100.0%)","6.5 (6.3-6.7)",0
"BGD","InferReadDR",0.01,"100.0% (99.9-100.0%)","0.0% (0.0-0.0%)","15.5% (15.0-15.9%)","NaN% (0.0-100.0%)","6.5 (6.3-6.7)",0
"BGD","InferReadDR",0.02,"100.0% (99.9-100.0%)","0.0% (0.0-0.0%)","15.5% (15.0-15.9%)","NaN% (0.0-100.0%)","6.5 (6.3-6.7)",0
"BGD","InferReadDR",0.03,"100.0% (99.9-100.0%)","0.0% (0.0-0.0%)","15.5% (15.0-15.9%)","NaN% (0.0-100.0%)","6.5 (6.3-6.7)",0
"BGD","InferReadDR",0.04,"100.0% (99.9-100.0%)","0.0% (0.0-0.0%)","15.5% (15.0-15.9%)","NaN% (0.0-100.0%)","6.5 (6.3-6.7)",0
"BGD","InferReadDR",0.05,"100.0% (99.9-100.0%)","0.0% (0.0-0.0%)","15.5% (15.0-15.9%)","100.0% (15.8-100.0%)","6.5 (6.3-6.7)",8.46500000000194e-05
"BGD","InferReadDR",0.06,"100.0% (99.9-100.0%)","0.2% (0.2-0.3%)","15.5% (15.0-16.0%)","100.0% (92.6-100.0%)","6.5 (6.3-6.7)",0.00203149000000002
"BGD","InferReadDR",0.07,"99.8% (99.6-99.9%)","1.3% (1.1-1.5%)","15.6% (15.1-16.1%)","97.7% (95.1-99.2%)","6.4 (6.2-6.6)",0.01117318
"BGD","InferReadDR",0.08,"99.7% (99.5-99.8%)","4.0% (3.7-4.3%)","16.0% (15.5-16.4%)","98.6% (97.6-99.3%)","6.3 (6.1-6.5)",0.03432368
"BGD","InferReadDR",0.09,"99.5% (99.2-99.7%)","8.0% (7.6-8.4%)","16.5% (16.0-17.0%)","98.8% (98.2-99.3%)","6.1 (5.9-6.2)",0.0685204
"BGD","InferReadDR",0.1,"99.1% (98.8-99.4%)","12.7% (12.3-13.2%)","17.2% (16.7-17.7%)","98.8% (98.2-99.1%)","5.8 (5.6-6)",0.10889622
"BGD","InferReadDR",0.11,"98.8% (98.4-99.1%)","17.8% (17.3-18.4%)","18.0% (17.5-18.6%)","98.8% (98.4-99.1%)","5.5 (5.4-5.7)",0.15270019
"BGD","InferReadDR",0.12,"98.4% (98.0-98.8%)","22.5% (21.9-23.0%)","18.8% (18.3-19.4%)","98.7% (98.4-99.0%)","5.3 (5.2-5.5)",0.19227188
"BGD","InferReadDR",0.13,"98.0% (97.5-98.4%)","26.7% (26.1-27.3%)","19.6% (19.1-20.2%)","98.6% (98.3-98.9%)","5.1 (4.9-5.2)",0.22896563
"BGD","InferReadDR",0.14,"97.6% (97.1-98.1%)","30.4% (29.7-31.0%)","20.4% (19.8-21.0%)","98.6% (98.3-98.9%)","4.9 (4.8-5.1)",0.26036905
"BGD","InferReadDR",0.15,"97.3% (96.8-97.8%)","33.9% (33.2-34.5%)","21.2% (20.6-21.8%)","98.6% (98.3-98.9%)","4.7 (4.6-4.9)",0.29037583
"BGD","InferReadDR",0.16,"97.0% (96.4-97.6%)","36.8% (36.1-37.4%)","21.9% (21.3-22.6%)","98.6% (98.3-98.8%)","4.6 (4.4-4.7)",0.31547317
"BGD","InferReadDR",0.17,"96.8% (96.1-97.3%)","39.5% (38.8-40.2%)","22.6% (22.0-23.3%)","98.5% (98.2-98.8%)","4.4 (4.3-4.6)",0.3388776
"BGD","InferReadDR",0.18,"96.3% (95.6-96.9%)","42.0% (41.3-42.7%)","23.3% (22.6-24.0%)","98.4% (98.1-98.7%)","4.3 (4.2-4.4)",0.36097004
"BGD","InferReadDR",0.19,"95.9% (95.3-96.6%)","44.2% (43.6-44.9%)","23.9% (23.2-24.6%)","98.4% (98.1-98.6%)","4.2 (4.1-4.3)",0.38035382
"BGD","InferReadDR",0.2,"95.5% (94.8-96.2%)","46.4% (45.7-47.1%)","24.6% (23.9-25.3%)","98.3% (98.0-98.5%)","4.1 (4-4.2)",0.39914508
"BGD","InferReadDR",0.21,"95.0% (94.2-95.7%)","48.0% (47.4-48.7%)","25.0% (24.3-25.8%)","98.1% (97.8-98.4%)","4 (3.9-4.1)",0.41395802
"BGD","InferReadDR",0.22,"94.7% (93.9-95.4%)","49.6% (48.9-50.3%)","25.5% (24.8-26.3%)","98.1% (97.8-98.3%)","3.9 (3.8-4)",0.4273743
"BGD","InferReadDR",0.23,"94.4% (93.6-95.1%)","51.3% (50.6-52.0%)","26.1% (25.4-26.9%)","98.0% (97.8-98.3%)","3.8 (3.7-3.9)",0.44206027
"BGD","InferReadDR",0.24,"94.0% (93.2-94.8%)","52.8% (52.1-53.5%)","26.7% (25.9-27.5%)","98.0% (97.7-98.2%)","3.7 (3.6-3.9)",0.45551888
"BGD","InferReadDR",0.25,"93.6% (92.8-94.4%)","54.1% (53.4-54.7%)","27.1% (26.4-27.9%)","97.9% (97.6-98.2%)","3.7 (3.6-3.8)",0.46681903
"BGD","InferReadDR",0.26,"93.3% (92.5-94.1%)","55.2% (54.5-55.9%)","27.6% (26.8-28.4%)","97.8% (97.6-98.1%)","3.6 (3.5-3.7)",0.47718808
"BGD","InferReadDR",0.27,"93.1% (92.3-93.9%)","56.2% (55.6-56.9%)","28.0% (27.2-28.8%)","97.8% (97.5-98.1%)","3.6 (3.5-3.7)",0.48620281
"BGD","InferReadDR",0.28,"92.9% (92.0-93.7%)","57.3% (56.6-58.0%)","28.4% (27.6-29.3%)","97.8% (97.5-98.0%)","3.5 (3.4-3.6)",0.49555612
"BGD","InferReadDR",0.29,"92.4% (91.5-93.3%)","58.2% (57.6-58.9%)","28.8% (28.0-29.6%)","97.7% (97.4-97.9%)","3.5 (3.4-3.6)",0.50414762
"BGD","InferReadDR",0.3,"92.0% (91.0-92.8%)","59.1% (58.5-59.8%)","29.1% (28.3-30.0%)","97.6% (97.3-97.8%)","3.4 (3.3-3.5)",0.51244286
"BGD","InferReadDR",0.31,"91.8% (90.8-92.6%)","59.9% (59.2-60.6%)","29.5% (28.7-30.3%)","97.5% (97.3-97.8%)","3.4 (3.3-3.5)",0.51925681
"BGD","InferReadDR",0.32,"91.4% (90.4-92.3%)","60.6% (59.9-61.3%)","29.8% (28.9-30.6%)","97.5% (97.2-97.7%)","3.4 (3.3-3.5)",0.52560521
"BGD","InferReadDR",0.33,"90.8% (89.8-91.7%)","61.4% (60.7-62.0%)","30.0% (29.2-30.9%)","97.3% (97.0-97.6%)","3.3 (3.2-3.4)",0.53309633
"BGD","InferReadDR",0.34,"90.4% (89.4-91.3%)","62.0% (61.3-62.7%)","30.3% (29.4-31.2%)","97.2% (96.9-97.5%)","3.3 (3.2-3.4)",0.53893685
"BGD","InferReadDR",0.35,"89.9% (88.9-90.9%)","62.7% (62.0-63.4%)","30.6% (29.7-31.5%)","97.1% (96.8-97.4%)","3.3 (3.2-3.4)",0.54583545
"BGD","InferReadDR",0.36,"89.3% (88.3-90.3%)","63.3% (62.6-64.0%)","30.8% (29.9-31.7%)","97.0% (96.7-97.3%)","3.2 (3.2-3.3)",0.55184527
"BGD","InferReadDR",0.37,"88.8% (87.7-89.8%)","64.0% (63.3-64.6%)","31.1% (30.2-31.9%)","96.9% (96.6-97.2%)","3.2 (3.1-3.3)",0.55810902
"BGD","InferReadDR",0.38,"88.2% (87.1-89.3%)","64.5% (63.9-65.2%)","31.3% (30.4-32.2%)","96.8% (96.5-97.1%)","3.2 (3.1-3.3)",0.56386491
"BGD","InferReadDR",0.39,"87.8% (86.7-88.9%)","65.2% (64.6-65.9%)","31.6% (30.7-32.5%)","96.7% (96.4-97.0%)","3.2 (3.1-3.3)",0.57029795
"BGD","InferReadDR",0.4,"87.5% (86.4-88.6%)","66.0% (65.3-66.7%)","32.0% (31.1-32.9%)","96.7% (96.3-97.0%)","3.1 (3-3.2)",0.57736584
"BGD","InferReadDR",0.41,"87.1% (86.0-88.2%)","66.7% (66.0-67.3%)","32.3% (31.4-33.3%)","96.6% (96.3-96.9%)","3.1 (3-3.2)",0.58371424
"BGD","InferReadDR",0.42,"86.7% (85.5-87.7%)","67.3% (66.7-68.0%)","32.6% (31.7-33.6%)","96.5% (96.2-96.8%)","3.1 (3-3.2)",0.58972406
"BGD","InferReadDR",0.43,"86.2% (85.1-87.3%)","67.9% (67.2-68.5%)","32.9% (32.0-33.9%)","96.4% (96.1-96.7%)","3 (3-3.1)",0.59531065
"BGD","InferReadDR",0.44,"85.8% (84.6-86.9%)","68.6% (68.0-69.3%)","33.3% (32.4-34.3%)","96.4% (96.0-96.7%)","3 (2.9-3.1)",0.6021246
"BGD","InferReadDR",0.45,"85.3% (84.1-86.5%)","69.3% (68.6-69.9%)","33.7% (32.7-34.6%)","96.3% (95.9-96.6%)","3 (2.9-3.1)",0.60838835
"BGD","InferReadDR",0.46,"84.8% (83.6-85.9%)","69.8% (69.2-70.5%)","33.9% (33.0-34.9%)","96.2% (95.8-96.5%)","2.9 (2.9-3)",0.6138903
"BGD","InferReadDR",0.47,"84.1% (82.9-85.3%)","70.5% (69.8-71.1%)","34.2% (33.3-35.2%)","96.0% (95.7-96.4%)","2.9 (2.8-3)",0.62032335
"BGD","InferReadDR",0.48,"83.5% (82.2-84.6%)","71.1% (70.4-71.7%)","34.5% (33.5-35.5%)","95.9% (95.6-96.2%)","2.9 (2.8-3)",0.62654478
"BGD","InferReadDR",0.49,"82.7% (81.5-83.9%)","71.5% (70.9-72.2%)","34.7% (33.7-35.7%)","95.8% (95.4-96.1%)","2.9 (2.8-3)",0.6316235
"BGD","InferReadDR",0.5,"82.4% (81.1-83.6%)","72.2% (71.6-72.8%)","35.1% (34.1-36.2%)","95.7% (95.4-96.0%)","2.8 (2.8-2.9)",0.63763332
"BGD","InferReadDR",0.51,"81.8% (80.5-83.1%)","72.9% (72.2-73.5%)","35.5% (34.5-36.6%)","95.6% (95.3-96.0%)","2.8 (2.7-2.9)",0.64410868
"BGD","InferReadDR",0.52,"81.2% (79.8-82.4%)","73.4% (72.8-74.1%)","35.8% (34.8-36.9%)","95.5% (95.2-95.8%)","2.8 (2.7-2.9)",0.65003386
"BGD","InferReadDR",0.53,"80.4% (79.1-81.7%)","74.1% (73.5-74.7%)","36.2% (35.1-37.2%)","95.4% (95.0-95.7%)","2.8 (2.7-2.8)",0.65676316
"BGD","InferReadDR",0.54,"79.8% (78.4-81.1%)","74.8% (74.2-75.4%)","36.7% (35.6-37.7%)","95.3% (95.0-95.6%)","2.7 (2.6-2.8)",0.66378873
"BGD","InferReadDR",0.55,"79.0% (77.6-80.3%)","75.6% (75.0-76.2%)","37.1% (36.1-38.2%)","95.2% (94.8-95.5%)","2.7 (2.6-2.8)",0.67136448
"BGD","InferReadDR",0.56,"78.1% (76.7-79.4%)","76.2% (75.6-76.8%)","37.5% (36.4-38.6%)","95.0% (94.7-95.3%)","2.7 (2.6-2.7)",0.67826308
"BGD","InferReadDR",0.57,"77.5% (76.2-78.9%)","76.9% (76.3-77.5%)","38.0% (36.9-39.2%)","94.9% (94.6-95.3%)","2.6 (2.6-2.7)",0.68507703
"BGD","InferReadDR",0.58,"76.6% (75.2-77.9%)","77.6% (77.0-78.1%)","38.4% (37.3-39.5%)","94.8% (94.4-95.1%)","2.6 (2.5-2.7)",0.69197562
"BGD","InferReadDR",0.59,"75.5% (74.0-76.8%)","78.3% (77.7-78.9%)","38.8% (37.7-40.0%)","94.6% (94.2-94.9%)","2.6 (2.5-2.7)",0.69980532
"BGD","InferReadDR",0.6,"74.3% (72.9-75.7%)","79.1% (78.5-79.7%)","39.4% (38.2-40.6%)","94.4% (94.0-94.7%)","2.5 (2.5-2.6)",0.70852379
"BGD","InferReadDR",0.61,"73.4% (71.9-74.8%)","79.8% (79.2-80.4%)","39.9% (38.7-41.1%)","94.3% (93.9-94.6%)","2.5 (2.4-2.6)",0.71588793
"BGD","InferReadDR",0.62,"72.5% (71.0-73.9%)","80.7% (80.1-81.2%)","40.6% (39.4-41.8%)","94.1% (93.8-94.5%)","2.5 (2.4-2.5)",0.72447943
"BGD","InferReadDR",0.63,"71.3% (69.8-72.8%)","81.4% (80.8-81.9%)","41.2% (40.0-42.4%)","93.9% (93.6-94.3%)","2.4 (2.4-2.5)",0.73239377
"BGD","InferReadDR",0.64,"70.3% (68.8-71.8%)","82.1% (81.6-82.7%)","41.8% (40.6-43.1%)","93.8% (93.4-94.2%)","2.4 (2.3-2.5)",0.74026579
"BGD","InferReadDR",0.65,"69.4% (67.9-70.9%)","83.0% (82.4-83.5%)","42.7% (41.4-44.0%)","93.7% (93.3-94.0%)","2.3 (2.3-2.4)",0.74881497
"BGD","InferReadDR",0.66,"68.1% (66.6-69.7%)","83.9% (83.4-84.4%)","43.6% (42.3-44.9%)","93.5% (93.1-93.9%)","2.3 (2.2-2.4)",0.75833757
"BGD","InferReadDR",0.67,"66.6% (65.1-68.2%)","84.6% (84.1-85.1%)","44.2% (42.9-45.5%)","93.3% (92.9-93.6%)","2.3 (2.2-2.3)",0.76714068
"BGD","InferReadDR",0.68,"65.0% (63.4-66.5%)","85.5% (85.0-86.0%)","45.1% (43.7-46.4%)","93.0% (92.7-93.4%)","2.2 (2.2-2.3)",0.77708651
"BGD","InferReadDR",0.69,"63.0% (61.4-64.6%)","86.4% (86.0-86.9%)","45.9% (44.5-47.3%)","92.7% (92.4-93.1%)","2.2 (2.1-2.2)",0.78792111
"BGD","InferReadDR",0.7,"61.2% (59.6-62.8%)","87.3% (86.8-87.7%)","46.8% (45.3-48.2%)","92.5% (92.1-92.9%)","2.1 (2.1-2.2)",0.79765532
"BGD","InferReadDR",0.71,"59.2% (57.6-60.8%)","88.1% (87.7-88.6%)","47.7% (46.2-49.1%)","92.2% (91.8-92.6%)","2.1 (2-2.2)",0.80798206
"BGD","InferReadDR",0.72,"57.3% (55.7-58.9%)","88.9% (88.4-89.3%)","48.5% (47.0-50.0%)","91.9% (91.5-92.3%)","2.1 (2-2.1)",0.81737769
"BGD","InferReadDR",0.73,"55.0% (53.4-56.6%)","89.7% (89.3-90.1%)","49.4% (47.8-50.9%)","91.6% (91.2-92.0%)","2 (2-2.1)",0.82787371
"BGD","InferReadDR",0.74,"52.6% (51.0-54.2%)","90.4% (90.0-90.8%)","50.1% (48.5-51.6%)","91.3% (90.9-91.6%)","2 (1.9-2.1)",0.83765025
"BGD","InferReadDR",0.75,"49.9% (48.3-51.5%)","91.2% (90.8-91.6%)","51.0% (49.3-52.6%)","90.9% (90.5-91.3%)","2 (1.9-2)",0.84878111
"BGD","InferReadDR",0.76,"47.5% (45.8-49.1%)","92.0% (91.6-92.4%)","52.0% (50.3-53.7%)","90.5% (90.1-90.9%)","1.9 (1.9-2)",0.85889622
"BGD","InferReadDR",0.77,"44.9% (43.2-46.5%)","92.7% (92.4-93.1%)","53.1% (51.3-54.8%)","90.2% (89.8-90.6%)","1.9 (1.8-1.9)",0.86934992
"BGD","InferReadDR",0.78,"41.5% (39.9-43.1%)","93.6% (93.2-93.9%)","54.2% (52.3-56.1%)","89.7% (89.3-90.2%)","1.8 (1.8-1.9)",0.88170814
"BGD","InferReadDR",0.79,"38.3% (36.8-39.9%)","94.3% (94.0-94.6%)","55.2% (53.2-57.2%)","89.3% (88.9-89.7%)","1.8 (1.7-1.9)",0.89266971
"BGD","InferReadDR",0.8,"35.5% (33.9-37.0%)","95.1% (94.8-95.4%)","56.8% (54.7-58.8%)","89.0% (88.5-89.4%)","1.8 (1.7-1.8)",0.90350432
"BGD","InferReadDR",0.81,"32.5% (31.0-34.0%)","95.8% (95.5-96.0%)","58.3% (56.1-60.5%)","88.6% (88.2-89.0%)","1.7 (1.7-1.8)",0.91391569
"BGD","InferReadDR",0.82,"29.0% (27.5-30.5%)","96.4% (96.1-96.7%)","59.5% (57.2-61.8%)","88.1% (87.7-88.6%)","1.7 (1.6-1.7)",0.92487726
"BGD","InferReadDR",0.83,"25.6% (24.2-27.1%)","96.9% (96.6-97.1%)","60.2% (57.7-62.6%)","87.7% (87.3-88.1%)","1.7 (1.6-1.7)",0.93414593
"BGD","InferReadDR",0.84,"22.4% (21.0-23.7%)","97.5% (97.2-97.7%)","61.6% (58.9-64.2%)","87.3% (86.8-87.7%)","1.6 (1.6-1.7)",0.94392246
"BGD","InferReadDR",0.85,"19.2% (17.9-20.5%)","97.9% (97.7-98.1%)","62.6% (59.6-65.4%)","86.9% (86.4-87.3%)","1.6 (1.5-1.7)",0.95264093
"BGD","InferReadDR",0.86,"16.4% (15.2-17.6%)","98.3% (98.2-98.5%)","64.4% (61.2-67.5%)","86.5% (86.1-87.0%)","1.6 (1.5-1.6)",0.96076689
"BGD","InferReadDR",0.87,"13.2% (12.1-14.3%)","98.8% (98.6-98.9%)","65.9% (62.4-69.4%)","86.2% (85.7-86.6%)","1.5 (1.4-1.6)",0.96906213
"BGD","InferReadDR",0.88,"10.0% (9.1-11.0%)","99.1% (98.9-99.2%)","66.8% (62.7-70.7%)","85.8% (85.3-86.2%)","1.5 (1.4-1.6)",0.97680718
"BGD","InferReadDR",0.89,"7.5% (6.6-8.3%)","99.3% (99.2-99.4%)","67.0% (62.2-71.6%)","85.4% (85.0-85.9%)","1.5 (1.4-1.6)",0.982817
"BGD","InferReadDR",0.9,"4.8% (4.2-5.6%)","99.5% (99.4-99.6%)","64.8% (58.9-70.5%)","85.1% (84.7-85.6%)","1.5 (1.4-1.7)",0.98844591
"BGD","InferReadDR",0.91,"3.5% (2.9-4.1%)","99.7% (99.6-99.7%)","65.5% (58.3-72.1%)","85.0% (84.5-85.4%)","1.5 (1.4-1.7)",0.9917894
"BGD","InferReadDR",0.92,"2.4% (1.9-2.9%)","99.8% (99.7-99.9%)","69.9% (61.0-77.9%)","84.8% (84.4-85.3%)","1.4 (1.3-1.6)",0.99479431
"BGD","InferReadDR",0.93,"1.4% (1.0-1.8%)","99.9% (99.9-99.9%)","73.5% (61.4-83.5%)","84.7% (84.2-85.2%)","1.4 (1.2-1.6)",0.99712206
"BGD","InferReadDR",0.94,"0.7% (0.5-1.1%)","100.0% (99.9-100.0%)","79.4% (62.1-91.3%)","84.6% (84.2-85.1%)","1.3 (1.1-1.6)",0.99856103
"BGD","InferReadDR",0.95,"0.2% (0.1-0.5%)","100.0% (100.0-100.0%)","81.8% (48.2-97.7%)","84.6% (84.1-85.0%)","1.2 (1-2.1)",0.99953445
"BGD","InferReadDR",0.96,"0.1% (0.0-0.3%)","100.0% (100.0-100.0%)","100.0% (47.8-100.0%)","84.6% (84.1-85.0%)","1 (1-2.1)",0.99978839
"BGD","InferReadDR",0.97,"0.0% (0.0-0.2%)","100.0% (100.0-100.0%)","100.0% (2.5-100.0%)","84.6% (84.1-85.0%)","1 (1-40)",0.99995768
"BGD","InferReadDR",0.98,"0.0% (0.0-0.1%)","100.0% (100.0-100.0%)","NaN% (0.0-100.0%)","84.5% (84.1-85.0%)","NaN (1-Inf)",1
"BGD","InferReadDR",0.99,"0.0% (0.0-0.1%)","100.0% (100.0-100.0%)","NaN% (0.0-100.0%)","84.5% (84.1-85.0%)","NaN (1-Inf)",1
"BGD","InferReadDR",1,"0.0% (0.0-0.1%)","100.0% (100.0-100.0%)","NaN% (0.0-100.0%)","84.5% (84.1-85.0%)","NaN (1-Inf)",1
"BGD","JF CXR-1",0,"100.0% (99.9-100.0%)","0.0% (0.0-0.0%)","15.5% (15.0-15.9%)","NaN% (0.0-100.0%)","6.5 (6.3-6.7)",0
"BGD","JF CXR-1",0.01,"99.6% (99.4-99.8%)","7.2% (6.9-7.6%)","16.4% (15.9-16.9%)","99.1% (98.5-99.5%)","6.1 (5.9-6.3)",0.0616217999999999
"BGD","JF CXR-1",0.02,"99.1% (98.7-99.4%)","14.8% (14.3-15.3%)","17.5% (17.0-18.0%)","98.9% (98.4-99.2%)","5.7 (5.5-5.9)",0.12641781
"BGD","JF CXR-1",0.03,"98.7% (98.3-99.1%)","19.1% (18.5-19.6%)","18.2% (17.7-18.8%)","98.8% (98.4-99.1%)","5.5 (5.3-5.6)",0.16332318
"BGD","JF CXR-1",0.04,"98.4% (97.9-98.8%)","22.2% (21.6-22.8%)","18.8% (18.2-19.3%)","98.7% (98.3-99.0%)","5.3 (5.2-5.5)",0.1900711
"BGD","JF CXR-1",0.05,"98.2% (97.8-98.6%)","24.3% (23.7-24.9%)","19.2% (18.6-19.7%)","98.7% (98.3-99.0%)","5.2 (5.1-5.4)",0.20801591
"BGD","JF CXR-1",0.06,"98.1% (97.6-98.6%)","26.1% (25.5-26.7%)","19.5% (19.0-20.1%)","98.7% (98.4-99.0%)","5.1 (5-5.3)",0.22354833
"BGD","JF CXR-1",0.07,"98.1% (97.6-98.5%)","27.5% (26.8-28.1%)","19.8% (19.2-20.4%)","98.7% (98.4-99.0%)","5 (4.9-5.2)",0.23510242
"BGD","JF CXR-1",0.08,"97.9% (97.4-98.4%)","28.8% (28.2-29.5%)","20.1% (19.5-20.7%)","98.7% (98.4-99.0%)","5 (4.8-5.1)",0.24703741
"BGD","JF CXR-1",0.09,"97.9% (97.4-98.3%)","30.0% (29.4-30.7%)","20.4% (19.8-21.0%)","98.7% (98.4-99.0%)","4.9 (4.8-5.1)",0.2572795
"BGD","JF CXR-1",0.1,"97.8% (97.2-98.2%)","31.0% (30.3-31.6%)","20.6% (20.0-21.2%)","98.7% (98.4-99.0%)","4.9 (4.7-5)",0.26532081
"BGD","JF CXR-1",0.11,"97.7% (97.1-98.1%)","31.9% (31.3-32.6%)","20.8% (20.2-21.4%)","98.7% (98.4-98.9%)","4.8 (4.7-5)",0.27331979
"BGD","JF CXR-1",0.12,"97.6% (97.0-98.1%)","32.7% (32.0-33.3%)","20.9% (20.3-21.6%)","98.7% (98.4-98.9%)","4.8 (4.6-4.9)",0.28009142
"BGD","JF CXR-1",0.13,"97.5% (97.0-98.0%)","33.4% (32.7-34.1%)","21.1% (20.5-21.7%)","98.7% (98.4-98.9%)","4.7 (4.6-4.9)",0.28618588
"BGD","JF CXR-1",0.14,"97.5% (96.9-98.0%)","34.1% (33.4-34.8%)","21.3% (20.7-21.9%)","98.7% (98.4-98.9%)","4.7 (4.6-4.8)",0.29215338
"BGD","JF CXR-1",0.15,"97.4% (96.8-97.9%)","34.7% (34.1-35.4%)","21.4% (20.8-22.1%)","98.6% (98.4-98.9%)","4.7 (4.5-4.8)",0.29773997
"BGD","JF CXR-1",0.16,"97.3% (96.7-97.8%)","35.3% (34.7-36.0%)","21.6% (20.9-22.2%)","98.6% (98.3-98.9%)","4.6 (4.5-4.8)",0.30294566
"BGD","JF CXR-1",0.17,"97.3% (96.7-97.8%)","35.9% (35.2-36.5%)","21.7% (21.1-22.3%)","98.6% (98.3-98.9%)","4.6 (4.5-4.7)",0.30743186
"BGD","JF CXR-1",0.18,"97.3% (96.7-97.8%)","36.4% (35.8-37.1%)","21.8% (21.2-22.5%)","98.6% (98.4-98.9%)","4.6 (4.4-4.7)",0.312172
"BGD","JF CXR-1",0.19,"97.2% (96.6-97.7%)","36.9% (36.2-37.6%)","22.0% (21.3-22.6%)","98.6% (98.3-98.9%)","4.6 (4.4-4.7)",0.31648891
"BGD","JF CXR-1",0.2,"97.1% (96.5-97.6%)","37.4% (36.8-38.1%)","22.1% (21.5-22.7%)","98.6% (98.3-98.9%)","4.5 (4.4-4.7)",0.32089047
"BGD","JF CXR-1",0.21,"97.1% (96.5-97.6%)","37.9% (37.3-38.6%)","22.2% (21.6-22.9%)","98.6% (98.3-98.9%)","4.5 (4.4-4.6)",0.32529203
"BGD","JF CXR-1",0.22,"97.0% (96.4-97.5%)","38.5% (37.8-39.1%)","22.4% (21.7-23.0%)","98.6% (98.3-98.8%)","4.5 (4.3-4.6)",0.32982055
"BGD","JF CXR-1",0.23,"96.9% (96.3-97.5%)","38.9% (38.2-39.6%)","22.5% (21.8-23.1%)","98.6% (98.3-98.8%)","4.5 (4.3-4.6)",0.3334603
"BGD","JF CXR-1",0.24,"96.9% (96.3-97.4%)","39.3% (38.6-40.0%)","22.6% (21.9-23.2%)","98.6% (98.3-98.8%)","4.4 (4.3-4.6)",0.33684611
"BGD","JF CXR-1",0.25,"96.9% (96.3-97.4%)","39.8% (39.1-40.4%)","22.7% (22.1-23.4%)","98.6% (98.3-98.8%)","4.4 (4.3-4.5)",0.34103606
"BGD","JF CXR-1",0.26,"96.7% (96.1-97.3%)","40.1% (39.4-40.8%)","22.8% (22.1-23.5%)","98.5% (98.3-98.8%)","4.4 (4.3-4.5)",0.34421026
"BGD","JF CXR-1",0.27,"96.6% (96.0-97.2%)","40.5% (39.8-41.1%)","22.9% (22.2-23.5%)","98.5% (98.2-98.8%)","4.4 (4.2-4.5)",0.34729981
"BGD","JF CXR-1",0.28,"96.6% (96.0-97.2%)","40.9% (40.2-41.6%)","23.0% (22.4-23.7%)","98.5% (98.2-98.8%)","4.3 (4.2-4.5)",0.35127814
"BGD","JF CXR-1",0.29,"96.6% (96.0-97.2%)","41.2% (40.5-41.9%)","23.1% (22.4-23.8%)","98.5% (98.2-98.8%)","4.3 (4.2-4.5)",0.35364821
"BGD","JF CXR-1",0.3,"96.6% (95.9-97.1%)","41.5% (40.9-42.2%)","23.2% (22.5-23.9%)","98.5% (98.2-98.8%)","4.3 (4.2-4.4)",0.35648383
"BGD","JF CXR-1",0.31,"96.5% (95.9-97.1%)","41.9% (41.2-42.5%)","23.3% (22.6-24.0%)","98.5% (98.2-98.8%)","4.3 (4.2-4.4)",0.35927713
"BGD","JF CXR-1",0.32,"96.5% (95.8-97.1%)","42.2% (41.5-42.9%)","23.4% (22.7-24.1%)","98.5% (98.2-98.8%)","4.3 (4.2-4.4)",0.36215507
"BGD","JF CXR-1",0.33,"96.4% (95.8-97.0%)","42.6% (41.9-43.3%)","23.5% (22.8-24.2%)","98.5% (98.2-98.7%)","4.3 (4.1-4.4)",0.36537159
"BGD","JF CXR-1",0.34,"96.4% (95.7-97.0%)","43.0% (42.3-43.6%)","23.6% (22.9-24.3%)","98.5% (98.2-98.7%)","4.2 (4.1-4.4)",0.36879973
"BGD","JF CXR-1",0.35,"96.4% (95.7-96.9%)","43.3% (42.6-44.0%)","23.7% (23.0-24.4%)","98.5% (98.2-98.7%)","4.2 (4.1-4.3)",0.37159303
"BGD","JF CXR-1",0.36,"96.2% (95.6-96.8%)","43.6% (42.9-44.2%)","23.8% (23.1-24.5%)","98.4% (98.2-98.7%)","4.2 (4.1-4.3)",0.37400542
"BGD","JF CXR-1",0.37,"96.2% (95.5-96.8%)","44.0% (43.3-44.6%)","23.9% (23.2-24.6%)","98.4% (98.2-98.7%)","4.2 (4.1-4.3)",0.3775182
"BGD","JF CXR-1",0.38,"96.1% (95.4-96.7%)","44.3% (43.6-45.0%)","24.0% (23.3-24.7%)","98.4% (98.1-98.6%)","4.2 (4.1-4.3)",0.38035382
"BGD","JF CXR-1",0.39,"96.0% (95.3-96.6%)","44.5% (43.8-45.2%)","24.0% (23.3-24.7%)","98.4% (98.1-98.6%)","4.2 (4-4.3)",0.38276621
"BGD","JF CXR-1",0.4,"95.9% (95.2-96.5%)","44.8% (44.1-45.5%)","24.1% (23.4-24.8%)","98.4% (98.1-98.6%)","4.1 (4-4.3)",0.38526325
"BGD","JF CXR-1",0.41,"95.9% (95.2-96.5%)","45.0% (44.4-45.7%)","24.2% (23.5-24.9%)","98.4% (98.1-98.6%)","4.1 (4-4.3)",0.38712544
"BGD","JF CXR-1",0.42,"95.8% (95.1-96.5%)","45.4% (44.7-46.1%)","24.3% (23.6-25.0%)","98.4% (98.1-98.6%)","4.1 (4-4.2)",0.39000339
"BGD","JF CXR-1",0.43,"95.7% (95.0-96.3%)","45.7% (45.0-46.4%)","24.3% (23.6-25.1%)","98.3% (98.0-98.6%)","4.1 (4-4.2)",0.39279668
"BGD","JF CXR-1",0.44,"95.6% (94.9-96.3%)","45.9% (45.3-46.6%)","24.4% (23.7-25.1%)","98.3% (98.0-98.5%)","4.1 (4-4.2)",0.3952514
"BGD","JF CXR-1",0.45,"95.6% (94.9-96.2%)","46.2% (45.5-46.9%)","24.5% (23.8-25.2%)","98.3% (98.0-98.5%)","4.1 (4-4.2)",0.39745218
"BGD","JF CXR-1",0.46,"95.5% (94.8-96.2%)","46.5% (45.8-47.2%)","24.6% (23.9-25.3%)","98.3% (98.0-98.5%)","4.1 (3.9-4.2)",0.40028779
"BGD","JF CXR-1",0.47,"95.5% (94.8-96.1%)","46.8% (46.1-47.5%)","24.7% (24.0-25.4%)","98.3% (98.0-98.5%)","4 (3.9-4.2)",0.40248857
"BGD","JF CXR-1",0.48,"95.4% (94.7-96.1%)","47.0% (46.3-47.7%)","24.8% (24.1-25.5%)","98.3% (98.0-98.5%)","4 (3.9-4.2)",0.40473167
"BGD","JF CXR-1",0.49,"95.4% (94.7-96.1%)","47.3% (46.6-48.0%)","24.9% (24.1-25.6%)","98.3% (98.0-98.5%)","4 (3.9-4.1)",0.40693245
"BGD","JF CXR-1",0.5,"95.3% (94.6-96.0%)","47.6% (46.9-48.3%)","24.9% (24.2-25.7%)","98.2% (98.0-98.5%)","4 (3.9-4.1)",0.40938717
"BGD","JF CXR-1",0.51,"95.3% (94.6-96.0%)","47.9% (47.2-48.6%)","25.0% (24.3-25.8%)","98.2% (98.0-98.5%)","4 (3.9-4.1)",0.41192653
"BGD","JF CXR-1",0.52,"95.3% (94.5-95.9%)","48.1% (47.4-48.8%)","25.1% (24.4-25.9%)","98.2% (98.0-98.5%)","4 (3.9-4.1)",0.41408498
"BGD","JF CXR-1",0.53,"95.2% (94.4-95.9%)","48.4% (47.7-49.1%)","25.2% (24.5-25.9%)","98.2% (97.9-98.5%)","4 (3.9-4.1)",0.41645505
"BGD","JF CXR-1",0.54,"95.1% (94.3-95.8%)","48.6% (47.9-49.3%)","25.3% (24.5-26.0%)","98.2% (97.9-98.4%)","4 (3.8-4.1)",0.41861351
"BGD","JF CXR-1",0.55,"95.1% (94.3-95.7%)","48.9% (48.2-49.6%)","25.4% (24.6-26.1%)","98.2% (97.9-98.4%)","3.9 (3.8-4.1)",0.42072964
"BGD","JF CXR-1",0.56,"95.1% (94.3-95.7%)","49.1% (48.4-49.8%)","25.5% (24.7-26.2%)","98.2% (97.9-98.5%)","3.9 (3.8-4)",0.42301507
"BGD","JF CXR-1",0.57,"95.0% (94.3-95.7%)","49.4% (48.7-50.1%)","25.5% (24.8-26.3%)","98.2% (97.9-98.4%)","3.9 (3.8-4)",0.4251312
"BGD","JF CXR-1",0.58,"95.0% (94.3-95.7%)","49.6% (48.9-50.3%)","25.6% (24.9-26.4%)","98.2% (97.9-98.5%)","3.9 (3.8-4)",0.42707804
"BGD","JF CXR-1",0.59,"94.9% (94.2-95.6%)","49.9% (49.2-50.6%)","25.7% (25.0-26.5%)","98.2% (97.9-98.4%)","3.9 (3.8-4)",0.42940579
"BGD","JF CXR-1",0.6,"94.8% (94.0-95.5%)","50.1% (49.4-50.8%)","25.8% (25.0-26.5%)","98.1% (97.9-98.4%)","3.9 (3.8-4)",0.43160657
"BGD","JF CXR-1",0.61,"94.8% (94.0-95.5%)","50.3% (49.6-51.0%)","25.9% (25.1-26.6%)","98.1% (97.9-98.4%)","3.9 (3.8-4)",0.4337227
"BGD","JF CXR-1",0.62,"94.7% (94.0-95.4%)","50.6% (49.9-51.3%)","26.0% (25.2-26.7%)","98.1% (97.9-98.4%)","3.9 (3.7-4)",0.43609277
"BGD","JF CXR-1",0.63,"94.7% (93.9-95.4%)","50.9% (50.2-51.6%)","26.1% (25.3-26.8%)","98.1% (97.8-98.4%)","3.8 (3.7-4)",0.43867445
"BGD","JF CXR-1",0.64,"94.7% (93.9-95.4%)","51.1% (50.4-51.8%)","26.1% (25.4-26.9%)","98.1% (97.8-98.4%)","3.8 (3.7-3.9)",0.44036736
"BGD","JF CXR-1",0.65,"94.5% (93.8-95.3%)","51.3% (50.6-52.0%)","26.2% (25.5-27.0%)","98.1% (97.8-98.3%)","3.8 (3.7-3.9)",0.44239885
"BGD","JF CXR-1",0.66,"94.5% (93.7-95.2%)","51.6% (50.9-52.3%)","26.3% (25.5-27.0%)","98.1% (97.8-98.3%)","3.8 (3.7-3.9)",0.44459963
"BGD","JF CXR-1",0.67,"94.4% (93.6-95.1%)","51.8% (51.1-52.5%)","26.4% (25.6-27.1%)","98.1% (97.8-98.3%)","3.8 (3.7-3.9)",0.44684273
"BGD","JF CXR-1",0.68,"94.3% (93.5-95.1%)","52.1% (51.4-52.8%)","26.5% (25.7-27.2%)","98.1% (97.8-98.3%)","3.8 (3.7-3.9)",0.44929744
"BGD","JF CXR-1",0.69,"94.3% (93.5-95.1%)","52.3% (51.6-53.0%)","26.6% (25.8-27.3%)","98.1% (97.8-98.3%)","3.8 (3.7-3.9)",0.45103267
"BGD","JF CXR-1",0.7,"94.2% (93.4-95.0%)","52.6% (51.9-53.3%)","26.7% (25.9-27.4%)","98.0% (97.8-98.3%)","3.8 (3.6-3.9)",0.45357203
"BGD","JF CXR-1",0.71,"94.2% (93.4-94.9%)","52.8% (52.2-53.5%)","26.7% (26.0-27.5%)","98.0% (97.8-98.3%)","3.7 (3.6-3.8)",0.45577281
"BGD","JF CXR-1",0.72,"94.1% (93.3-94.9%)","53.1% (52.4-53.8%)","26.9% (26.1-27.6%)","98.0% (97.7-98.3%)","3.7 (3.6-3.8)",0.45839682
"BGD","JF CXR-1",0.73,"93.9% (93.1-94.7%)","53.4% (52.7-54.1%)","26.9% (26.2-27.7%)","98.0% (97.7-98.2%)","3.7 (3.6-3.8)",0.46110547
"BGD","JF CXR-1",0.74,"93.8% (93.0-94.6%)","53.7% (53.0-54.4%)","27.0% (26.2-27.8%)","97.9% (97.7-98.2%)","3.7 (3.6-3.8)",0.46334857
"BGD","JF CXR-1",0.75,"93.7% (92.8-94.4%)","54.0% (53.3-54.7%)","27.1% (26.4-27.9%)","97.9% (97.6-98.2%)","3.7 (3.6-3.8)",0.4663958
"BGD","JF CXR-1",0.76,"93.6% (92.7-94.4%)","54.4% (53.7-55.1%)","27.3% (26.5-28.1%)","97.9% (97.6-98.2%)","3.7 (3.6-3.8)",0.46969697
"BGD","JF CXR-1",0.77,"93.4% (92.5-94.2%)","54.7% (54.0-55.4%)","27.4% (26.6-28.2%)","97.8% (97.6-98.1%)","3.7 (3.5-3.8)",0.47304046
"BGD","JF CXR-1",0.78,"93.3% (92.5-94.1%)","55.1% (54.4-55.8%)","27.5% (26.7-28.3%)","97.8% (97.5-98.1%)","3.6 (3.5-3.7)",0.47625698
"BGD","JF CXR-1",0.79,"93.3% (92.4-94.1%)","55.4% (54.7-56.1%)","27.6% (26.9-28.4%)","97.8% (97.5-98.1%)","3.6 (3.5-3.7)",0.47866938
"BGD","JF CXR-1",0.8,"93.1% (92.2-93.9%)","55.7% (55.0-56.4%)","27.8% (27.0-28.6%)","97.8% (97.5-98.0%)","3.6 (3.5-3.7)",0.48180125
"BGD","JF CXR-1",0.81,"93.0% (92.1-93.8%)","56.0% (55.3-56.7%)","27.9% (27.1-28.7%)","97.8% (97.5-98.0%)","3.6 (3.5-3.7)",0.48463687
"BGD","JF CXR-1",0.82,"92.8% (91.9-93.6%)","56.3% (55.6-57.0%)","28.0% (27.2-28.8%)","97.7% (97.4-98.0%)","3.6 (3.5-3.7)",0.48700694
"BGD","JF CXR-1",0.83,"92.6% (91.7-93.5%)","56.6% (55.9-57.3%)","28.1% (27.3-28.9%)","97.7% (97.4-97.9%)","3.6 (3.5-3.7)",0.48988488
"BGD","JF CXR-1",0.84,"92.4% (91.5-93.3%)","57.0% (56.3-57.7%)","28.2% (27.4-29.0%)","97.6% (97.3-97.9%)","3.5 (3.4-3.7)",0.49335534
"BGD","JF CXR-1",0.85,"92.1% (91.2-93.0%)","57.4% (56.7-58.1%)","28.3% (27.5-29.2%)","97.6% (97.3-97.8%)","3.5 (3.4-3.6)",0.49746064
"BGD","JF CXR-1",0.86,"91.9% (91.0-92.8%)","57.8% (57.1-58.4%)","28.5% (27.6-29.3%)","97.5% (97.2-97.8%)","3.5 (3.4-3.6)",0.50084645
"BGD","JF CXR-1",0.87,"91.7% (90.8-92.6%)","58.3% (57.6-58.9%)","28.7% (27.8-29.5%)","97.5% (97.2-97.7%)","3.5 (3.4-3.6)",0.50537498
"BGD","JF CXR-1",0.88,"91.5% (90.5-92.4%)","58.8% (58.1-59.5%)","28.9% (28.0-29.7%)","97.4% (97.1-97.7%)","3.5 (3.4-3.6)",0.51024209
"BGD","JF CXR-1",0.89,"91.2% (90.3-92.1%)","59.3% (58.6-60.0%)","29.1% (28.2-29.9%)","97.4% (97.1-97.6%)","3.4 (3.3-3.5)",0.51472829
"BGD","JF CXR-1",0.9,"91.1% (90.1-92.0%)","59.8% (59.1-60.5%)","29.3% (28.4-30.1%)","97.3% (97.0-97.6%)","3.4 (3.3-3.5)",0.51917217
"BGD","JF CXR-1",0.91,"90.9% (89.9-91.8%)","60.4% (59.7-61.0%)","29.5% (28.7-30.4%)","97.3% (97.0-97.6%)","3.4 (3.3-3.5)",0.5244625
"BGD","JF CXR-1",0.92,"90.4% (89.4-91.3%)","61.0% (60.3-61.7%)","29.8% (28.9-30.6%)","97.2% (96.9-97.5%)","3.4 (3.3-3.5)",0.53064161
"BGD","JF CXR-1",0.93,"89.9% (88.9-90.9%)","61.8% (61.1-62.4%)","30.1% (29.2-30.9%)","97.1% (96.8-97.4%)","3.3 (3.2-3.4)",0.5377095
"BGD","JF CXR-1",0.94,"89.4% (88.4-90.4%)","62.5% (61.9-63.2%)","30.4% (29.5-31.3%)","97.0% (96.7-97.3%)","3.3 (3.2-3.4)",0.54515829
"BGD","JF CXR-1",0.95,"88.7% (87.7-89.8%)","63.5% (62.8-64.2%)","30.8% (29.9-31.6%)","96.9% (96.5-97.2%)","3.3 (3.2-3.3)",0.55417302
"BGD","JF CXR-1",0.96,"87.9% (86.8-89.0%)","64.8% (64.1-65.5%)","31.4% (30.5-32.3%)","96.7% (96.4-97.0%)","3.2 (3.1-3.3)",0.5666582
"BGD","JF CXR-1",0.97,"87.1% (86.0-88.2%)","66.5% (65.8-67.1%)","32.2% (31.3-33.1%)","96.6% (96.3-96.9%)","3.1 (3-3.2)",0.58206365
"BGD","JF CXR-1",0.98,"85.1% (83.9-86.2%)","68.7% (68.1-69.4%)","33.2% (32.3-34.2%)","96.2% (95.9-96.5%)","3 (2.9-3.1)",0.60415609
"BGD","JF CXR-1",0.99,"81.8% (80.5-83.0%)","72.7% (72.0-73.3%)","35.3% (34.3-36.4%)","95.6% (95.3-95.9%)","2.8 (2.7-2.9)",0.64250042
"BGD","JF CXR-1",1,"5.1% (4.5-5.9%)","99.7% (99.6-99.8%)","76.1% (70.3-81.3%)","85.2% (84.7-85.6%)","1.3 (1.2-1.4)",0.9895463
"BGD","CAD4TB",0,"100.0% (99.9-100.0%)","0.0% (0.0-0.0%)","15.5% (15.0-15.9%)","NaN% (0.0-100.0%)","6.5 (6.3-6.7)",0
"BGD","CAD4TB",0.01,"99.4% (99.1-99.6%)","15.8% (15.3-16.3%)","17.7% (17.2-18.3%)","99.3% (98.9-99.5%)","5.6 (5.5-5.8)",0.13420518
"BGD","CAD4TB",0.02,"98.7% (98.3-99.1%)","26.3% (25.6-26.9%)","19.7% (19.1-20.2%)","99.1% (98.8-99.3%)","5.1 (4.9-5.2)",0.22397156
"BGD","CAD4TB",0.03,"98.4% (97.9-98.7%)","33.2% (32.5-33.8%)","21.2% (20.6-21.8%)","99.1% (98.8-99.3%)","4.7 (4.6-4.9)",0.28313865
"BGD","CAD4TB",0.04,"98.0% (97.5-98.4%)","37.7% (37.0-38.4%)","22.3% (21.7-23.0%)","99.0% (98.8-99.2%)","4.5 (4.4-4.6)",0.32177924
"BGD","CAD4TB",0.05,"97.6% (97.1-98.1%)","41.3% (40.6-42.0%)","23.3% (22.7-24.0%)","99.0% (98.7-99.2%)","4.3 (4.2-4.4)",0.35297105
"BGD","CAD4TB",0.06,"97.2% (96.6-97.7%)","44.0% (43.3-44.7%)","24.1% (23.4-24.8%)","98.9% (98.6-99.1%)","4.2 (4-4.3)",0.37603691
"BGD","CAD4TB",0.07,"97.0% (96.4-97.5%)","46.2% (45.6-46.9%)","24.8% (24.1-25.5%)","98.8% (98.6-99.0%)","4 (3.9-4.2)",0.39567462
"BGD","CAD4TB",0.08,"96.7% (96.1-97.3%)","48.1% (47.4-48.8%)","25.4% (24.7-26.2%)","98.8% (98.5-99.0%)","3.9 (3.8-4)",0.4120535
"BGD","CAD4TB",0.09,"96.5% (95.9-97.1%)","49.7% (49.0-50.4%)","26.0% (25.2-26.7%)","98.7% (98.5-98.9%)","3.8 (3.7-4)",0.42580836
"BGD","CAD4TB",0.1,"96.2% (95.5-96.8%)","51.0% (50.3-51.7%)","26.4% (25.7-27.2%)","98.7% (98.4-98.9%)","3.8 (3.7-3.9)",0.43719316
"BGD","CAD4TB",0.11,"96.1% (95.4-96.7%)","52.4% (51.7-53.1%)","27.0% (26.2-27.7%)","98.6% (98.4-98.9%)","3.7 (3.6-3.8)",0.44938209
"BGD","CAD4TB",0.12,"95.9% (95.2-96.5%)","53.4% (52.7-54.1%)","27.3% (26.6-28.1%)","98.6% (98.4-98.8%)","3.7 (3.6-3.8)",0.45805824
"BGD","CAD4TB",0.13,"95.7% (95.0-96.4%)","54.4% (53.7-55.1%)","27.7% (26.9-28.5%)","98.6% (98.3-98.8%)","3.6 (3.5-3.7)",0.46635348
"BGD","CAD4TB",0.14,"95.6% (94.8-96.2%)","55.2% (54.5-55.8%)","28.0% (27.2-28.8%)","98.6% (98.3-98.8%)","3.6 (3.5-3.7)",0.47320975
"BGD","CAD4TB",0.15,"95.5% (94.7-96.1%)","56.0% (55.4-56.7%)","28.4% (27.6-29.2%)","98.5% (98.3-98.8%)","3.5 (3.4-3.6)",0.48087015
"BGD","CAD4TB",0.16,"95.3% (94.6-96.0%)","56.9% (56.2-57.6%)","28.8% (28.0-29.6%)","98.5% (98.3-98.7%)","3.5 (3.4-3.6)",0.48853056
"BGD","CAD4TB",0.17,"95.2% (94.4-95.9%)","57.6% (56.9-58.3%)","29.1% (28.3-29.9%)","98.5% (98.3-98.7%)","3.4 (3.3-3.5)",0.4945827
"BGD","CAD4TB",0.18,"95.1% (94.3-95.7%)","58.3% (57.6-59.0%)","29.4% (28.6-30.2%)","98.5% (98.2-98.7%)","3.4 (3.3-3.5)",0.50025394
"BGD","CAD4TB",0.19,"95.0% (94.3-95.7%)","58.8% (58.1-59.4%)","29.6% (28.8-30.5%)","98.5% (98.2-98.7%)","3.4 (3.3-3.5)",0.50444388
"BGD","CAD4TB",0.2,"95.0% (94.2-95.6%)","59.3% (58.6-59.9%)","29.9% (29.0-30.7%)","98.5% (98.2-98.7%)","3.3 (3.3-3.4)",0.50880311
"BGD","CAD4TB",0.21,"94.8% (94.0-95.5%)","59.8% (59.2-60.5%)","30.1% (29.3-31.0%)","98.4% (98.2-98.6%)","3.3 (3.2-3.4)",0.51396648
"BGD","CAD4TB",0.22,"94.7% (93.9-95.4%)","60.4% (59.7-61.0%)","30.4% (29.5-31.2%)","98.4% (98.2-98.6%)","3.3 (3.2-3.4)",0.51857965
"BGD","CAD4TB",0.23,"94.6% (93.8-95.3%)","60.9% (60.2-61.6%)","30.6% (29.8-31.5%)","98.4% (98.2-98.6%)","3.3 (3.2-3.4)",0.52306585
"BGD","CAD4TB",0.24,"94.5% (93.7-95.2%)","61.4% (60.7-62.0%)","30.9% (30.0-31.8%)","98.4% (98.2-98.6%)","3.2 (3.1-3.3)",0.5272558
"BGD","CAD4TB",0.25,"94.4% (93.6-95.1%)","61.9% (61.2-62.5%)","31.1% (30.3-32.0%)","98.4% (98.1-98.6%)","3.2 (3.1-3.3)",0.53165736
"BGD","CAD4TB",0.26,"94.2% (93.4-95.0%)","62.4% (61.7-63.0%)","31.4% (30.5-32.3%)","98.3% (98.1-98.6%)","3.2 (3.1-3.3)",0.53614356
"BGD","CAD4TB",0.27,"94.2% (93.4-94.9%)","62.8% (62.1-63.5%)","31.6% (30.8-32.5%)","98.3% (98.1-98.5%)","3.2 (3.1-3.3)",0.5399526
"BGD","CAD4TB",0.28,"94.1% (93.2-94.8%)","63.2% (62.6-63.9%)","31.9% (31.0-32.8%)","98.3% (98.1-98.5%)","3.1 (3.1-3.2)",0.54384628
"BGD","CAD4TB",0.29,"94.0% (93.2-94.7%)","63.6% (62.9-64.3%)","32.1% (31.2-33.0%)","98.3% (98.1-98.5%)","3.1 (3-3.2)",0.54710513
"BGD","CAD4TB",0.3,"93.7% (92.9-94.5%)","64.1% (63.4-64.7%)","32.3% (31.4-33.2%)","98.2% (98.0-98.5%)","3.1 (3-3.2)",0.5513374
"BGD","CAD4TB",0.31,"93.6% (92.8-94.4%)","64.5% (63.8-65.2%)","32.5% (31.6-33.4%)","98.2% (98.0-98.4%)","3.1 (3-3.2)",0.5552734
"BGD","CAD4TB",0.32,"93.5% (92.7-94.3%)","64.9% (64.3-65.6%)","32.8% (31.9-33.7%)","98.2% (98.0-98.4%)","3.1 (3-3.1)",0.5589978
"BGD","CAD4TB",0.33,"93.3% (92.5-94.1%)","65.4% (64.7-66.0%)","33.0% (32.1-33.9%)","98.2% (97.9-98.4%)","3 (2.9-3.1)",0.56293381
"BGD","CAD4TB",0.34,"93.3% (92.5-94.1%)","65.8% (65.1-66.4%)","33.2% (32.3-34.2%)","98.2% (97.9-98.4%)","3 (2.9-3.1)",0.56623498
"BGD","CAD4TB",0.35,"93.1% (92.3-93.9%)","66.2% (65.5-66.8%)","33.5% (32.6-34.4%)","98.1% (97.9-98.4%)","3 (2.9-3.1)",0.57004402
"BGD","CAD4TB",0.36,"93.0% (92.1-93.8%)","66.6% (66.0-67.3%)","33.7% (32.8-34.7%)","98.1% (97.9-98.3%)","3 (2.9-3)",0.57419164
"BGD","CAD4TB",0.37,"92.7% (91.8-93.5%)","67.1% (66.4-67.7%)","34.0% (33.0-34.9%)","98.1% (97.8-98.3%)","2.9 (2.9-3)",0.57838158
"BGD","CAD4TB",0.38,"92.6% (91.7-93.4%)","67.5% (66.8-68.1%)","34.2% (33.3-35.2%)","98.0% (97.8-98.3%)","2.9 (2.8-3)",0.58185204
"BGD","CAD4TB",0.39,"92.4% (91.5-93.3%)","67.9% (67.2-68.5%)","34.5% (33.5-35.4%)","98.0% (97.8-98.2%)","2.9 (2.8-3)",0.58566108
"BGD","CAD4TB",0.4,"92.2% (91.3-93.1%)","68.3% (67.6-68.9%)","34.7% (33.8-35.7%)","98.0% (97.7-98.2%)","2.9 (2.8-3)",0.58938547
"BGD","CAD4TB",0.41,"92.0% (91.1-92.9%)","68.7% (68.1-69.4%)","35.0% (34.0-35.9%)","97.9% (97.7-98.1%)","2.9 (2.8-2.9)",0.5935331
"BGD","CAD4TB",0.42,"91.8% (90.9-92.7%)","69.2% (68.5-69.8%)","35.3% (34.3-36.2%)","97.9% (97.6-98.1%)","2.8 (2.8-2.9)",0.59759607
"BGD","CAD4TB",0.43,"91.8% (90.8-92.6%)","69.6% (68.9-70.2%)","35.5% (34.6-36.5%)","97.9% (97.6-98.1%)","2.8 (2.7-2.9)",0.60110885
"BGD","CAD4TB",0.44,"91.5% (90.5-92.4%)","70.0% (69.4-70.6%)","35.8% (34.8-36.8%)","97.8% (97.6-98.1%)","2.8 (2.7-2.9)",0.60508718
"BGD","CAD4TB",0.45,"91.2% (90.3-92.1%)","70.4% (69.8-71.1%)","36.1% (35.1-37.1%)","97.8% (97.5-98.0%)","2.8 (2.7-2.8)",0.60915016
"BGD","CAD4TB",0.46,"91.0% (90.0-91.9%)","70.9% (70.3-71.6%)","36.4% (35.4-37.4%)","97.7% (97.5-98.0%)","2.7 (2.7-2.8)",0.61355172
"BGD","CAD4TB",0.47,"90.8% (89.8-91.7%)","71.5% (70.8-72.1%)","36.8% (35.8-37.8%)","97.7% (97.4-97.9%)","2.7 (2.6-2.8)",0.61846115
"BGD","CAD4TB",0.48,"90.6% (89.6-91.5%)","72.0% (71.4-72.6%)","37.1% (36.1-38.2%)","97.7% (97.4-97.9%)","2.7 (2.6-2.8)",0.62332825
"BGD","CAD4TB",0.49,"90.2% (89.2-91.2%)","72.4% (71.8-73.0%)","37.4% (36.4-38.4%)","97.6% (97.3-97.8%)","2.7 (2.6-2.7)",0.62713729
"BGD","CAD4TB",0.5,"90.0% (89.0-91.0%)","72.9% (72.3-73.5%)","37.8% (36.8-38.8%)","97.6% (97.3-97.8%)","2.6 (2.6-2.7)",0.63191976
"BGD","CAD4TB",0.51,"89.8% (88.8-90.8%)","73.3% (72.7-73.9%)","38.1% (37.1-39.1%)","97.5% (97.3-97.8%)","2.6 (2.6-2.7)",0.63560183
"BGD","CAD4TB",0.52,"89.5% (88.5-90.5%)","73.7% (73.1-74.3%)","38.4% (37.3-39.4%)","97.5% (97.2-97.7%)","2.6 (2.5-2.7)",0.63962248
"BGD","CAD4TB",0.53,"89.4% (88.4-90.4%)","74.2% (73.6-74.8%)","38.7% (37.7-39.8%)","97.5% (97.2-97.7%)","2.6 (2.5-2.7)",0.64343152
"BGD","CAD4TB",0.54,"89.2% (88.1-90.1%)","74.6% (74.0-75.2%)","39.1% (38.0-40.2%)","97.4% (97.1-97.7%)","2.6 (2.5-2.6)",0.64762147
"BGD","CAD4TB",0.55,"89.0% (87.9-90.0%)","75.1% (74.5-75.7%)","39.5% (38.4-40.5%)","97.4% (97.1-97.6%)","2.5 (2.5-2.6)",0.65168444
"BGD","CAD4TB",0.56,"88.6% (87.6-89.6%)","75.5% (74.9-76.1%)","39.8% (38.7-40.8%)","97.3% (97.1-97.6%)","2.5 (2.4-2.6)",0.6555358
"BGD","CAD4TB",0.57,"88.5% (87.4-89.5%)","75.8% (75.2-76.4%)","40.1% (39.0-41.1%)","97.3% (97.0-97.5%)","2.5 (2.4-2.6)",0.65875233
"BGD","CAD4TB",0.58,"88.2% (87.2-89.3%)","76.1% (75.5-76.7%)","40.3% (39.2-41.4%)","97.3% (97.0-97.5%)","2.5 (2.4-2.6)",0.66154562
"BGD","CAD4TB",0.59,"88.0% (86.9-89.0%)","76.5% (75.9-77.1%)","40.6% (39.5-41.7%)","97.2% (96.9-97.5%)","2.5 (2.4-2.5)",0.66535466
"BGD","CAD4TB",0.6,"87.8% (86.7-88.9%)","76.9% (76.3-77.5%)","41.0% (39.9-42.1%)","97.2% (96.9-97.4%)","2.4 (2.4-2.5)",0.66920603
"BGD","CAD4TB",0.61,"87.6% (86.5-88.7%)","77.3% (76.7-77.9%)","41.3% (40.2-42.5%)","97.2% (96.9-97.4%)","2.4 (2.4-2.5)",0.67242255
"BGD","CAD4TB",0.62,"87.4% (86.3-88.5%)","77.6% (77.0-78.2%)","41.7% (40.6-42.8%)","97.1% (96.9-97.4%)","2.4 (2.3-2.5)",0.67572372
"BGD","CAD4TB",0.63,"87.0% (85.9-88.1%)","78.0% (77.5-78.6%)","42.0% (40.9-43.1%)","97.1% (96.8-97.3%)","2.4 (2.3-2.4)",0.67978669
"BGD","CAD4TB",0.64,"86.8% (85.7-87.9%)","78.5% (77.9-79.0%)","42.4% (41.3-43.5%)","97.0% (96.7-97.3%)","2.4 (2.3-2.4)",0.68368038
"BGD","CAD4TB",0.65,"86.5% (85.3-87.6%)","78.8% (78.3-79.4%)","42.8% (41.6-43.9%)","97.0% (96.7-97.2%)","2.3 (2.3-2.4)",0.6874471
"BGD","CAD4TB",0.66,"86.3% (85.1-87.4%)","79.3% (78.7-79.9%)","43.2% (42.1-44.4%)","96.9% (96.7-97.2%)","2.3 (2.3-2.4)",0.69172169
"BGD","CAD4TB",0.67,"86.0% (84.8-87.1%)","79.7% (79.1-80.2%)","43.6% (42.4-44.7%)","96.9% (96.6-97.1%)","2.3 (2.2-2.4)",0.69506518
"BGD","CAD4TB",0.68,"85.7% (84.5-86.8%)","80.0% (79.5-80.6%)","44.0% (42.8-45.1%)","96.8% (96.6-97.1%)","2.3 (2.2-2.3)",0.69878957
"BGD","CAD4TB",0.69,"85.3% (84.1-86.4%)","80.4% (79.9-81.0%)","44.3% (43.1-45.5%)","96.8% (96.5-97.0%)","2.3 (2.2-2.3)",0.70259861
"BGD","CAD4TB",0.7,"85.0% (83.8-86.2%)","80.8% (80.2-81.3%)","44.7% (43.5-45.9%)","96.7% (96.4-97.0%)","2.2 (2.2-2.3)",0.70585746
"BGD","CAD4TB",0.71,"84.4% (83.2-85.6%)","81.1% (80.6-81.7%)","45.0% (43.8-46.2%)","96.6% (96.3-96.9%)","2.2 (2.2-2.3)",0.70983579
"BGD","CAD4TB",0.72,"84.0% (82.8-85.2%)","81.5% (81.0-82.1%)","45.4% (44.2-46.6%)","96.5% (96.3-96.8%)","2.2 (2.1-2.3)",0.71394109
"BGD","CAD4TB",0.73,"83.5% (82.3-84.7%)","82.0% (81.4-82.5%)","45.8% (44.6-47.1%)","96.5% (96.2-96.7%)","2.2 (2.1-2.2)",0.71855426
"BGD","CAD4TB",0.74,"83.2% (82.0-84.4%)","82.4% (81.9-83.0%)","46.4% (45.2-47.6%)","96.4% (96.1-96.7%)","2.2 (2.1-2.2)",0.72291349
"BGD","CAD4TB",0.75,"82.8% (81.5-84.0%)","82.9% (82.4-83.4%)","46.9% (45.7-48.2%)","96.3% (96.0-96.6%)","2.1 (2.1-2.2)",0.72744202
"BGD","CAD4TB",0.76,"82.4% (81.2-83.7%)","83.3% (82.8-83.8%)","47.5% (46.2-48.7%)","96.3% (96.0-96.6%)","2.1 (2.1-2.2)",0.73163196
"BGD","CAD4TB",0.77,"82.0% (80.7-83.2%)","83.7% (83.2-84.2%)","47.9% (46.7-49.2%)","96.2% (95.9-96.5%)","2.1 (2-2.1)",0.73573726
"BGD","CAD4TB",0.78,"81.3% (80.0-82.6%)","84.1% (83.6-84.6%)","48.3% (47.0-49.5%)","96.1% (95.8-96.4%)","2.1 (2-2.1)",0.73980024
"BGD","CAD4TB",0.79,"80.9% (79.6-82.2%)","84.5% (83.9-85.0%)","48.8% (47.5-50.0%)","96.0% (95.7-96.3%)","2.1 (2-2.1)",0.74356695
"BGD","CAD4TB",0.8,"80.3% (79.0-81.6%)","84.9% (84.4-85.4%)","49.2% (47.9-50.5%)","95.9% (95.6-96.2%)","2 (2-2.1)",0.74801083
"BGD","CAD4TB",0.81,"79.7% (78.3-81.0%)","85.4% (84.9-85.9%)","49.9% (48.6-51.2%)","95.8% (95.5-96.1%)","2 (2-2.1)",0.75342814
"BGD","CAD4TB",0.82,"79.0% (77.6-80.3%)","85.8% (85.3-86.3%)","50.4% (49.1-51.7%)","95.7% (95.4-96.0%)","2 (1.9-2)",0.75799898
"BGD","CAD4TB",0.83,"78.6% (77.2-79.9%)","86.2% (85.7-86.7%)","51.0% (49.7-52.3%)","95.7% (95.4-96.0%)","2 (1.9-2)",0.76172338
"BGD","CAD4TB",0.84,"78.1% (76.7-79.4%)","86.7% (86.2-87.1%)","51.7% (50.4-53.0%)","95.6% (95.3-95.9%)","1.9 (1.9-2)",0.76654816
"BGD","CAD4TB",0.85,"77.4% (76.0-78.8%)","87.1% (86.7-87.6%)","52.4% (51.0-53.7%)","95.5% (95.2-95.8%)","1.9 (1.9-2)",0.77158456
"BGD","CAD4TB",0.86,"76.7% (75.3-78.1%)","87.7% (87.2-88.1%)","53.2% (51.8-54.5%)","95.4% (95.1-95.7%)","1.9 (1.8-1.9)",0.77700186
"BGD","CAD4TB",0.87,"75.9% (74.5-77.3%)","88.2% (87.8-88.7%)","54.1% (52.7-55.5%)","95.2% (94.9-95.6%)","1.8 (1.8-1.9)",0.78309633
"BGD","CAD4TB",0.88,"75.0% (73.6-76.4%)","88.8% (88.4-89.2%)","55.1% (53.7-56.4%)","95.1% (94.8-95.4%)","1.8 (1.8-1.9)",0.78936008
"BGD","CAD4TB",0.89,"73.9% (72.4-75.3%)","89.4% (89.0-89.8%)","56.1% (54.7-57.5%)","94.9% (94.6-95.2%)","1.8 (1.7-1.8)",0.79634332
"BGD","CAD4TB",0.9,"72.6% (71.1-74.1%)","90.1% (89.7-90.5%)","57.3% (55.9-58.8%)","94.7% (94.4-95.1%)","1.7 (1.7-1.8)",0.80425766
"BGD","CAD4TB",0.91,"71.3% (69.8-72.7%)","90.7% (90.3-91.1%)","58.5% (57.0-59.9%)","94.5% (94.2-94.8%)","1.7 (1.7-1.8)",0.8116218
"BGD","CAD4TB",0.92,"69.5% (67.9-71.0%)","91.4% (91.0-91.8%)","59.6% (58.1-61.1%)","94.2% (93.9-94.6%)","1.7 (1.6-1.7)",0.82000169
"BGD","CAD4TB",0.93,"67.5% (65.9-69.0%)","92.2% (91.8-92.5%)","61.1% (59.6-62.7%)","93.9% (93.6-94.3%)","1.6 (1.6-1.7)",0.82952429
"BGD","CAD4TB",0.94,"64.9% (63.3-66.4%)","93.0% (92.6-93.4%)","62.9% (61.3-64.4%)","93.5% (93.2-93.9%)","1.6 (1.6-1.6)",0.84065515
"BGD","CAD4TB",0.95,"61.7% (60.1-63.2%)","93.9% (93.5-94.2%)","64.8% (63.2-66.4%)","93.1% (92.7-93.4%)","1.5 (1.5-1.6)",0.85301337
"BGD","CAD4TB",0.96,"56.9% (55.3-58.6%)","94.9% (94.6-95.2%)","67.2% (65.6-68.9%)","92.3% (92.0-92.7%)","1.5 (1.5-1.5)",0.86913831
"BGD","CAD4TB",0.97,"51.0% (49.4-52.6%)","96.0% (95.7-96.2%)","69.7% (68.0-71.5%)","91.5% (91.1-91.8%)","1.4 (1.4-1.5)",0.88699848
"BGD","CAD4TB",0.98,"42.2% (40.5-43.8%)","97.4% (97.1-97.6%)","74.6% (72.7-76.5%)","90.2% (89.8-90.6%)","1.3 (1.3-1.4)",0.91268834
"BGD","CAD4TB",0.99,"28.3% (26.8-29.8%)","98.9% (98.7-99.0%)","82.0% (79.8-84.1%)","88.3% (87.9-88.7%)","1.2 (1.2-1.3)",0.94675808
"BGD","CAD4TB",1,"0.0% (0.0-0.1%)","100.0% (100.0-100.0%)","NaN% (0.0-100.0%)","84.5% (84.1-85.0%)","NaN (1-Inf)",1
